scale,dimension,sim_hedonic,sim_eudaimonic,delta
PHQ-9,Foundational claim,0.1714337916226607,0.08834554772552172,0.08308824389713898
PHQ-9,Evaluative criterion,0.34229039551991525,0.23183110806951657,0.11045928745039868
PHQ-9,Time horizon,0.35714871499032785,0.20948112172159639,0.14766759326873147
PHQ-9,Adversity,0.2309859708001063,0.11543033905026157,0.11555563174984473
PHQ-9,Measurement proxies,0.48584173228987404,0.3633880706911845,0.12245366159868953
PHQ-9,Central tension,0.24746526930165214,0.18726965115824368,0.06019561814340846
GAD-7,Foundational claim,0.13212391576543103,0.09077485769108906,0.04134905807434197
GAD-7,Evaluative criterion,0.28588037791407994,0.2161227058455284,0.06975767206855155
GAD-7,Time horizon,0.3144855497195935,0.14223482152607414,0.1722507281935194
GAD-7,Adversity,0.1918143262360108,0.0902537419046765,0.1015605843313343
GAD-7,Measurement proxies,0.379953290383092,0.28124326126370547,0.09871002911938653
GAD-7,Central tension,0.18424206577164703,0.14308828071031066,0.04115378506133638
BDI-II,Foundational claim,0.17797565537036164,0.08906343904150116,0.08891221632886048
BDI-II,Evaluative criterion,0.326569855921222,0.21909116825532537,0.10747868766589663
BDI-II,Time horizon,0.3085885831798434,0.1782386045725064,0.130349978607337
BDI-II,Adversity,0.23358608862965402,0.11728935270344654,0.11629673592620748
BDI-II,Measurement proxies,0.4805297059171487,0.360079254442758,0.12045045147439071
BDI-II,Central tension,0.2299896998697507,0.18022724949182534,0.04976245037792537
BAI,Foundational claim,0.10515969311412443,0.04688587810624878,0.05827381500787565
BAI,Evaluative criterion,0.29000434196736113,0.20046235250371602,0.08954198946364511
BAI,Time horizon,0.3101494295814906,0.11415657589192996,0.19599285368956065
BAI,Adversity,0.23342048442881191,0.08255844982193561,0.1508620346068763
BAI,Measurement proxies,0.4163942931768614,0.2944374394523561,0.12195685372450527
BAI,Central tension,0.20566026535597004,0.13430642061183473,0.07135384474413531
DASS-21,Foundational claim,0.19882632566310532,0.13029530620309093,0.06853101946001439
DASS-21,Evaluative criterion,0.3840167787569464,0.255237388281744,0.12877939047520237
DASS-21,Time horizon,0.3861236634185865,0.22777039307877955,0.15835327033980695
DASS-21,Adversity,0.31875915883184247,0.17078042883663147,0.147978729995211
DASS-21,Measurement proxies,0.5464343606519756,0.41384861706039855,0.13258574359157704
DASS-21,Central tension,0.28344897686036563,0.25992859257703016,0.02352038428333547
SCL-90-R,Foundational claim,0.17439172990439356,0.09894796827876329,0.07544376162563027
SCL-90-R,Evaluative criterion,0.3443194211827769,0.23009800732687968,0.11422141385589724
SCL-90-R,Time horizon,0.31875891776316656,0.18746103664613534,0.13129788111703122
SCL-90-R,Adversity,0.2682806022481069,0.13160435401578685,0.13667624823232005
SCL-90-R,Measurement proxies,0.4904922456877395,0.39831184736309355,0.09218039832464597
SCL-90-R,Central tension,0.2109418212786518,0.17936683974769063,0.031574981530961166
HAM-A,Foundational claim,0.08668659264741796,0.03627222809861741,0.05041436454880055
HAM-A,Evaluative criterion,0.2851915991573153,0.19318154186920267,0.09201005728811262
HAM-A,Time horizon,0.30127700499087207,0.12924096237247373,0.17203604261839833
HAM-A,Adversity,0.21063559486171246,0.07124539516152639,0.13939019970018607
HAM-A,Measurement proxies,0.45042664525398124,0.31720407652321414,0.1332225687307671
HAM-A,Central tension,0.17960849010430247,0.11224980357287917,0.0673586865314233
STAI,Foundational claim,0.12112160774594294,0.08333872928261099,0.03778287846333195
STAI,Evaluative criterion,0.27678140883258173,0.20047137462632914,0.0763100342062526
STAI,Time horizon,0.33041694848251857,0.17056162225335902,0.15985532622915954
STAI,Adversity,0.18396278038281344,0.09653788950040487,0.08742489088240857
STAI,Measurement proxies,0.42938667301839417,0.33817179313719214,0.09121487988120203
STAI,Central tension,0.16990947878216367,0.16016654910352934,0.009742929678634327
PSQI,Foundational claim,0.14914748399162103,0.10071777564438578,0.048429708347235256
PSQI,Evaluative criterion,0.3127620055161555,0.23150303215424128,0.08125897336191423
PSQI,Time horizon,0.35601839089887277,0.1939601378510537,0.16205825304781907
PSQI,Adversity,0.15708146224543307,0.07730749658211489,0.07977396566331818
PSQI,Measurement proxies,0.4112557634434151,0.3547964211406225,0.05645934230279259
PSQI,Central tension,0.21861492015928763,0.16707756773858873,0.0515373524206989
PCL-5,Foundational claim,0.12672263453654375,0.06702682051161146,0.05969581402493229
PCL-5,Evaluative criterion,0.2790104494941361,0.1858658833813236,0.09314456611281252
PCL-5,Time horizon,0.2848948021788521,0.16359259844043728,0.12130220373841483
PCL-5,Adversity,0.26021345201179635,0.14560642034555127,0.11460703166624508
PCL-5,Measurement proxies,0.4097864353477487,0.3529157783884348,0.056870656959313926
PCL-5,Central tension,0.19223638794829778,0.1526553457813098,0.03958104216698799
AUDIT,Foundational claim,0.1565953755656012,0.10280037386271157,0.053795001702889644
AUDIT,Evaluative criterion,0.23936253378637085,0.19712632419449427,0.04223620959187657
AUDIT,Time horizon,0.2717356396829399,0.1490829575765985,0.12265268210634139
AUDIT,Adversity,0.19426428855368183,0.09950717153041,0.09475711702327183
AUDIT,Measurement proxies,0.3693329672521347,0.3160278854978408,0.05330508175429394
AUDIT,Central tension,0.16121834939328594,0.13668809726273667,0.024530252130549268
OQ-45,Foundational claim,0.21534298788533968,0.17291673603680213,0.042426251848537544
OQ-45,Evaluative criterion,0.417870851736182,0.339061998540523,0.078808853195659
OQ-45,Time horizon,0.43169302682614097,0.2896860169190272,0.1420070099071138
OQ-45,Adversity,0.30115647595132977,0.20790149444176786,0.09325498150956191
OQ-45,Measurement proxies,0.5476126428076723,0.524125321954249,0.02348732085342331
OQ-45,Central tension,0.2731845238842605,0.245465993945148,0.027718529939112502
K10,Foundational claim,0.2335770014530486,0.1712377470677,0.0623392543853486
K10,Evaluative criterion,0.4281677398508661,0.30341223613328205,0.12475550371758404
K10,Time horizon,0.39468765879199996,0.24803096761486698,0.14665669117713298
K10,Adversity,0.3156875490488493,0.18063054809007428,0.13505700095877504
K10,Measurement proxies,0.5249499066619013,0.40502244302888313,0.1199274636330182
K10,Central tension,0.3113676732632725,0.27113026302081267,0.04023741024245986
CORE-OM,Foundational claim,0.30944460185553524,0.2455356165499326,0.06390898530560263
CORE-OM,Evaluative criterion,0.5276701005044752,0.3994182381744784,0.12825186232999675
CORE-OM,Time horizon,0.4721544995959721,0.35021781520300377,0.12193668439296834
CORE-OM,Adversity,0.35786477329713295,0.24283415599341973,0.11503061730371322
CORE-OM,Measurement proxies,0.5759308954634554,0.5097842353533009,0.06614666011015458
CORE-OM,Central tension,0.309083406645112,0.2722069590452505,0.03687644759986153
SDS,Foundational claim,0.19515702484244235,0.15878330248104566,0.03637372236139669
SDS,Evaluative criterion,0.3554873963311904,0.29426333347837075,0.06122406285281967
SDS,Time horizon,0.3454575955376058,0.2721688528145816,0.07328874272302421
SDS,Adversity,0.2520652076486346,0.17913292294052474,0.07293228470810986
SDS,Measurement proxies,0.4274408491133914,0.41571875038435757,0.011722098729033847
SDS,Central tension,0.26702514180765413,0.21086951462133885,0.05615562718631528
WHODAS-2.0,Foundational claim,0.22041889946043214,0.256672837911742,-0.036253938451309864
WHODAS-2.0,Evaluative criterion,0.3696190819498948,0.37934475268616774,-0.009725670736272951
WHODAS-2.0,Time horizon,0.37119023662741346,0.31306691490661387,0.05812332172079959
WHODAS-2.0,Adversity,0.2168697831752231,0.208172474148009,0.008697309027214106
WHODAS-2.0,Measurement proxies,0.4384150235446179,0.5066028730362045,-0.06818784949158663
WHODAS-2.0,Central tension,0.2326863602693282,0.2567903525431543,-0.02410399227382609
Y-BOCS,Foundational claim,0.08358724401694662,0.032716998655159424,0.05087024536178719
Y-BOCS,Evaluative criterion,0.21251269057364863,0.16667209259181337,0.04584059798183526
Y-BOCS,Time horizon,0.2483755562997343,0.14655086173756804,0.10182469456216625
Y-BOCS,Adversity,0.17781893032706764,0.09898172457336596,0.07883720575370168
Y-BOCS,Measurement proxies,0.3430440933264751,0.3128837242240461,0.03016036910242903
Y-BOCS,Central tension,0.16559384706237967,0.12051643403918122,0.045077413023198454
EPDS,Foundational claim,0.18263921253105098,0.10179343492541981,0.08084577760563116
EPDS,Evaluative criterion,0.3455227515669397,0.23767871346418823,0.10784403810275145
EPDS,Time horizon,0.3242914899235523,0.20161673454211293,0.12267475538143935
EPDS,Adversity,0.23180076829520924,0.13176783792889257,0.10003293036631666
EPDS,Measurement proxies,0.42676886051627294,0.3314261144741065,0.09534274604216642
EPDS,Central tension,0.2576304205192912,0.17555008203042366,0.08208033848886753
C-SSRS,Foundational claim,0.16146319418437327,0.11425644119669087,0.0472067529876824
C-SSRS,Evaluative criterion,0.26690547278013665,0.21350186102873625,0.053403611751400404
C-SSRS,Time horizon,0.34769997406581343,0.22642941961428587,0.12127055445152757
C-SSRS,Adversity,0.19837227729095752,0.10531417767923201,0.09305809961172551
C-SSRS,Measurement proxies,0.35991049603715863,0.32611310529589344,0.0337973907412652
C-SSRS,Central tension,0.1856708418996924,0.15922837471305062,0.026442467186641783
EQ-5D,Foundational claim,0.273576549442871,0.25717043276052465,0.016406116682346372
EQ-5D,Evaluative criterion,0.40182658623824796,0.34788348389728396,0.053943102340964
EQ-5D,Time horizon,0.41635372907075263,0.2961698057862314,0.12018392328452121
EQ-5D,Adversity,0.2629733703889867,0.17841812764922993,0.08455524273975679
EQ-5D,Measurement proxies,0.4952106824047535,0.43406594456506253,0.06114473783969099
EQ-5D,Central tension,0.2832540839796529,0.23969315719079454,0.04356092678885837
MDQ,Foundational claim,0.1948613884509499,0.133071137025213,0.06179025142573691
MDQ,Evaluative criterion,0.3289347919464909,0.20965637123600278,0.11927842071048811
MDQ,Time horizon,0.3799690120677266,0.2654678712254963,0.11450114084223029
MDQ,Adversity,0.1829110354000827,0.09622198702871321,0.08668904837136948
MDQ,Measurement proxies,0.4395263946132415,0.3411586394670415,0.0983677551462
MDQ,Central tension,0.2442991599182347,0.1556764189717592,0.08862274094647549
YMRS,Foundational claim,0.1395517162607507,0.10078704715054221,0.03876466911020848
YMRS,Evaluative criterion,0.28201351858557566,0.22034632329756088,0.06166719528801479
YMRS,Time horizon,0.31190647588354237,0.18243044448758905,0.12947603139595332
YMRS,Adversity,0.1650679946454795,0.0691985587317403,0.0958694359137392
YMRS,Measurement proxies,0.4542394255650096,0.3537948261652667,0.10044459939974293
YMRS,Central tension,0.18821385126535406,0.1386619624659965,0.04955188879935757
PSS,Foundational claim,0.17453681099842222,0.10672976052360861,0.06780705047481361
PSS,Evaluative criterion,0.3517567665665631,0.2408938119614321,0.11086295460513096
PSS,Time horizon,0.37868106534964285,0.22336956244212014,0.1553115029075227
PSS,Adversity,0.22605596983574072,0.17063703705354938,0.055418932782191344
PSS,Measurement proxies,0.43253249049831877,0.39725084900004903,0.035281641498269734
PSS,Central tension,0.2484410120694538,0.217635121975447,0.030805890094006805
QIDS-SR,Foundational claim,0.16732309741294338,0.09068164850836624,0.07664144890457714
QIDS-SR,Evaluative criterion,0.35577816136377893,0.23979671474514686,0.11598144661863208
QIDS-SR,Time horizon,0.3582401341689039,0.20349346543874192,0.15474666873016196
QIDS-SR,Adversity,0.2386074343152006,0.11764211072817077,0.12096532358702983
QIDS-SR,Measurement proxies,0.5146112940225122,0.39813179022311873,0.11647950379939342
QIDS-SR,Central tension,0.24683090686167652,0.1926495795657851,0.054181327295891424
GHQ-12,Foundational claim,0.23210447653498434,0.1769932011405242,0.055111275394460146
GHQ-12,Evaluative criterion,0.42312025099084916,0.3321779867101916,0.09094226428065755
GHQ-12,Time horizon,0.405030266730551,0.25545216948429617,0.14957809724625482
GHQ-12,Adversity,0.2639641542420812,0.17638703145631218,0.08757712278576901
GHQ-12,Measurement proxies,0.5313035487544666,0.45490271341242383,0.07640083534204278
GHQ-12,Central tension,0.2599878766978929,0.2250141275961075,0.03497374910178541
PANAS,Foundational claim,0.23321082330296228,0.15313191783390012,0.08007890546906216
PANAS,Evaluative criterion,0.4227851186249325,0.2856408340206049,0.1371442846043276
PANAS,Time horizon,0.40669851488232844,0.26269478113101186,0.1440037337513166
PANAS,Adversity,0.2779569564181401,0.14510806607057747,0.13284889034756264
PANAS,Measurement proxies,0.6401182652114356,0.44985019876321775,0.1902680664482178
PANAS,Central tension,0.288529001934674,0.22591548906928205,0.06261351286539196
IES-R,Foundational claim,0.13689156016925708,0.06563639212823391,0.07125516804102316
IES-R,Evaluative criterion,0.3070668044024383,0.18334121606851927,0.123725588333919
IES-R,Time horizon,0.27806588739616767,0.1764794080388149,0.10158647935735277
IES-R,Adversity,0.2791450525897692,0.14988313930924912,0.12926191328052006
IES-R,Measurement proxies,0.3905834233064367,0.3078555265716034,0.08272789673483327
IES-R,Central tension,0.20063941787544337,0.172705832439496,0.027933585435947372
CAPS-5,Foundational claim,0.09454556458102725,0.030633894085417612,0.06391167049560964
CAPS-5,Evaluative criterion,0.24922435322449188,0.14644100168490848,0.1027833515395834
CAPS-5,Time horizon,0.2703646302174695,0.1764382336831386,0.09392639653433088
CAPS-5,Adversity,0.21942823086126173,0.12488870162831378,0.09453952923294795
CAPS-5,Measurement proxies,0.35243349353813747,0.2883436793408094,0.06408981419732807
CAPS-5,Central tension,0.16605043372960282,0.1071120779437098,0.058938355785893015
DAST-10,Foundational claim,0.126242563591894,0.06821461287476849,0.05802795071712552
DAST-10,Evaluative criterion,0.24189129137662801,0.179518694630469,0.062372596746159026
DAST-10,Time horizon,0.25812966776120416,0.12919225465587825,0.12893741310532592
DAST-10,Adversity,0.18736769884305704,0.09233702946119404,0.095030669381863
DAST-10,Measurement proxies,0.331961309841059,0.2858965961068791,0.04606471373417986
DAST-10,Central tension,0.16940823831308016,0.14012256519647703,0.029285673116603128
CAGE,Foundational claim,0.1318283284024071,0.06378960295253733,0.06803872544986977
CAGE,Evaluative criterion,0.24682623961202188,0.1822190796386871,0.06460715997333477
CAGE,Time horizon,0.25187192023618543,0.1080254608115001,0.14384645942468532
CAGE,Adversity,0.2069554411951593,0.10819545379296014,0.09875998740219916
CAGE,Measurement proxies,0.32906052030042887,0.27383029568626205,0.05523022461416682
CAGE,Central tension,0.17431938520028478,0.1477233474379569,0.026596037762327884
ASSIST,Foundational claim,0.13399998522725365,0.08280079973310106,0.05119918549415259
ASSIST,Evaluative criterion,0.2594237285336264,0.20621222692453645,0.05321150160908994
ASSIST,Time horizon,0.3181891118879241,0.17717522437645683,0.14101388751146726
ASSIST,Adversity,0.20372261615813503,0.12407266416611629,0.07964995199201874
ASSIST,Measurement proxies,0.3586113631767154,0.3533181986233487,0.005293164553366703
ASSIST,Central tension,0.18343777112138404,0.15565715111498113,0.027780620006402912
PHQ-15,Foundational claim,0.15687130833578133,0.07045453294639936,0.08641677538938197
PHQ-15,Evaluative criterion,0.31015487881530857,0.19854829047383493,0.11160658834147363
PHQ-15,Time horizon,0.3390501264762089,0.17649903663869848,0.16255108983751043
PHQ-15,Adversity,0.24056857512237406,0.12008329015143737,0.12048528497093669
PHQ-15,Measurement proxies,0.4401427229321233,0.3145410611375079,0.1256016617946154
PHQ-15,Central tension,0.2535957619501924,0.16483405773108506,0.08876170421910734
WHOQOL-BREF,Foundational claim,0.3260354193622419,0.29204358186767054,0.03399183749457135
WHOQOL-BREF,Evaluative criterion,0.48226507817429587,0.4162568929444732,0.06600818522982266
WHOQOL-BREF,Time horizon,0.44470312383749455,0.36471445551881565,0.0799886683186789
WHOQOL-BREF,Adversity,0.2880744372392454,0.22425888294131724,0.06381555429792818
WHOQOL-BREF,Measurement proxies,0.5378147812928964,0.5276089305851591,0.010205850707737274
WHOQOL-BREF,Central tension,0.34105713765757895,0.2539107230856571,0.08714641457192185
PROMIS,Foundational claim,0.23340459209743158,0.20028739779543947,0.033117194301992114
PROMIS,Evaluative criterion,0.42029363816371623,0.35807800678236723,0.062215631381349
PROMIS,Time horizon,0.4351471382391532,0.3151213221832023,0.12002581605595086
PROMIS,Adversity,0.2661415114838319,0.21038467041942643,0.05575684106440548
PROMIS,Measurement proxies,0.5518226858354816,0.5154622239524564,0.03636046188302511
PROMIS,Central tension,0.286464624235805,0.22269659644895035,0.06376802778685464
MOS-SS,Foundational claim,0.1466017036950511,0.10967952206213094,0.03692218163292016
MOS-SS,Evaluative criterion,0.3122073445528061,0.23580976825809252,0.07639757629471355
MOS-SS,Time horizon,0.34732015193589993,0.17356406256362433,0.1737560893722756
MOS-SS,Adversity,0.15862808792838734,0.08249075102432124,0.0761373369040661
MOS-SS,Measurement proxies,0.3978424614277898,0.34213982114981323,0.055702640277976556
MOS-SS,Central tension,0.21275178595998245,0.15838693512521607,0.05436485083476639
ASI,Foundational claim,0.1526281141925313,0.12438213672677323,0.028245977465758076
ASI,Evaluative criterion,0.30989546521949674,0.2748901782896984,0.03500528692979832
ASI,Time horizon,0.33737608657905316,0.24855242923504828,0.08882365734400488
ASI,Adversity,0.21233282579506474,0.16387246254589427,0.04846036324917047
ASI,Measurement proxies,0.38924791637332623,0.387759744361697,0.0014881720116292074
ASI,Central tension,0.20216395763952733,0.16054491599154375,0.04161904164798358
BHS,Foundational claim,0.19279391039217353,0.12954618029975962,0.06324773009241391
BHS,Evaluative criterion,0.29709653408649306,0.23907511936896675,0.05802141471752631
BHS,Time horizon,0.31755004657437746,0.22675760476995532,0.09079244180442214
BHS,Adversity,0.2934016779466525,0.18219888990391986,0.11120278804273265
BHS,Measurement proxies,0.42871623924033053,0.4027326009477028,0.02598363829262773
BHS,Central tension,0.27370006663602675,0.20392747881971052,0.06977258781631623
DERS,Foundational claim,0.15265936202170294,0.1302205245963428,0.022438837425360125
DERS,Evaluative criterion,0.29360633972289296,0.23330057180826214,0.060305767914630826
DERS,Time horizon,0.3227188243851735,0.21404873667234026,0.10867008771283326
DERS,Adversity,0.23538119544056224,0.17132083226742145,0.06406036317314079
DERS,Measurement proxies,0.46194977214035715,0.3763681186925989,0.08558165344775825
DERS,Central tension,0.22617659240637933,0.2760895974502495,-0.049913005043870196
PCQ,Foundational claim,0.22092227910802087,0.2438886935980109,-0.02296641448999004
PCQ,Evaluative criterion,0.35132262205104114,0.3630043732438143,-0.011681751192773149
PCQ,Time horizon,0.3381492001377615,0.32790615954517355,0.01024304059258796
PCQ,Adversity,0.25947316238592033,0.3152967065459479,-0.05582354416002755
PCQ,Measurement proxies,0.4539706143695248,0.5035204030750269,-0.049549788705502085
PCQ,Central tension,0.25874918815431625,0.31571989398514166,-0.05697070583082542
WEMWBS,Foundational claim,0.3960634011268216,0.3690674346355387,0.026995966491282886
WEMWBS,Evaluative criterion,0.5801594995090154,0.5135734856629188,0.06658601384609653
WEMWBS,Time horizon,0.5037800171219059,0.4446616206367151,0.059118396485190794
WEMWBS,Adversity,0.3206980902878992,0.2972887192441819,0.02340937104371732
WEMWBS,Measurement proxies,0.631284224342099,0.6011511083947817,0.03013311594731727
WEMWBS,Central tension,0.3734688219359985,0.35548547066015335,0.01798335127584516
SWLS,Foundational claim,0.3759678628564207,0.3464492959850305,0.029518566871390206
SWLS,Evaluative criterion,0.4936903922424898,0.4091900500595542,0.08450034218293556
SWLS,Time horizon,0.49614890505108566,0.38933993925467625,0.10680896579640942
SWLS,Adversity,0.25213871028725754,0.21724800380948672,0.034890706477770816
SWLS,Measurement proxies,0.49525919811129593,0.5262491522674124,-0.030989954156116495
SWLS,Central tension,0.3758188033847021,0.2977955480121981,0.07802325537250399
WHO-5,Foundational claim,0.3855382833182258,0.3465341675926066,0.03900411572561924
WHO-5,Evaluative criterion,0.5784802596067726,0.4815174255428569,0.0969628340639157
WHO-5,Time horizon,0.5427696170507238,0.43943868039157175,0.10333093665915205
WHO-5,Adversity,0.30781509584298705,0.26690897499276867,0.040906120850218386
WHO-5,Measurement proxies,0.5844271070593228,0.537373664472917,0.04705344258640576
WHO-5,Central tension,0.404461323652503,0.3190530274537965,0.08540829619870649
SCARED,Foundational claim,0.06423971978887444,0.00533385199489167,0.05890586779398277
SCARED,Evaluative criterion,0.2500474536429437,0.1523690879424211,0.09767836570052257
SCARED,Time horizon,0.25742744717782884,0.1185102402065703,0.13891720697125853
SCARED,Adversity,0.20622268079104566,0.07728074367218452,0.12894193711886115
SCARED,Measurement proxies,0.37537110052588396,0.3005537185468531,0.07481738197903087
SCARED,Central tension,0.16266278183401695,0.09303428336204234,0.06962849847197461
SDQ,Foundational claim,0.1643810021462646,0.11814209438780299,0.04623890775846162
SDQ,Evaluative criterion,0.31115092357105856,0.24301978615211406,0.0681311374189445
SDQ,Time horizon,0.3229515101275173,0.19082683574619863,0.1321246743813187
SDQ,Adversity,0.2477946215719744,0.15432126381597921,0.09347335775599519
SDQ,Measurement proxies,0.4345843276953967,0.36734600644102844,0.06723832125436824
SDQ,Central tension,0.21408954944148473,0.19675568104076435,0.017333868400720376
RCADS,Foundational claim,0.05789635975021734,0.0007925918558618905,0.05710376789435545
RCADS,Evaluative criterion,0.24800039011562824,0.15014004299175954,0.09786034712386871
RCADS,Time horizon,0.2641229291388686,0.11109694070094667,0.15302598843792192
RCADS,Adversity,0.18564995141719243,0.06755192768486029,0.11809802373233214
RCADS,Measurement proxies,0.390310596050375,0.3077545079015095,0.0825560881488655
RCADS,Central tension,0.14168258201745998,0.0835138799645938,0.05816870205286617
ACE,Foundational claim,0.1346948954554692,0.09107480732648399,0.04362008812898521
ACE,Evaluative criterion,0.28270116637906373,0.20855363202666033,0.0741475343524034
ACE,Time horizon,0.2805680891162248,0.21562603978116446,0.06494204933506031
ACE,Adversity,0.27430923885530867,0.24070660229629925,0.03360263655900941
ACE,Measurement proxies,0.37306548301726095,0.3413228378174581,0.031742645199802855
ACE,Central tension,0.19677900494400347,0.15993178644953354,0.036847218494469924
MBI,Foundational claim,0.1683021844291479,0.1452400339584612,0.023062150470686715
MBI,Evaluative criterion,0.29481195013015316,0.2820919785034558,0.012719971626697357
MBI,Time horizon,0.29990577221237547,0.2351904412940865,0.06471533091828896
MBI,Adversity,0.18538538555491413,0.12587255875994552,0.05951282679496861
MBI,Measurement proxies,0.38667978745466236,0.38832831267928114,-0.0016485252246187798
MBI,Central tension,0.21415994574443187,0.22526283086618648,-0.011102885121754613
WHOQOL-100,Foundational claim,0.3340670536935375,0.33962130318559003,-0.005554249492052521
WHOQOL-100,Evaluative criterion,0.48048815171597425,0.45660624097807445,0.023881910737899803
WHOQOL-100,Time horizon,0.4567235705806505,0.39666801509402183,0.060055555486628664
WHOQOL-100,Adversity,0.2630777412408368,0.24951399006888397,0.013563751171952854
WHOQOL-100,Measurement proxies,0.508496195399164,0.5635236935089398,-0.05502749810977581
WHOQOL-100,Central tension,0.3323724790471221,0.28200627892608,0.05036620012104209
MHC-SF,Foundational claim,0.4166064365984503,0.39316566822982946,0.023440768368620857
MHC-SF,Evaluative criterion,0.5822348755989694,0.5253641753197473,0.05687070027922203
MHC-SF,Time horizon,0.513823345813788,0.4747518539950859,0.039071491818702064
MHC-SF,Adversity,0.3385133792571803,0.31775556556849827,0.020757813688682014
MHC-SF,Measurement proxies,0.6212318564133068,0.6295249337725987,-0.008293077359291856
MHC-SF,Central tension,0.365233969996001,0.36579556123454027,-0.0005615912385392718
SF-12,Foundational claim,0.2508233964995804,0.23414867844930953,0.016674718050270876
SF-12,Evaluative criterion,0.38202689372826737,0.34213115907633984,0.03989573465192753
SF-12,Time horizon,0.3815790718784945,0.2878313348704955,0.09374773700799899
SF-12,Adversity,0.2329908740488451,0.206127880098818,0.026862993950027114
SF-12,Measurement proxies,0.48633444971385953,0.461068810653513,0.025265639060346512
SF-12,Central tension,0.266769237557853,0.21442558097441955,0.05234365658343343
SAS-SR,Foundational claim,0.15989664648001578,0.19024729787664463,-0.030350651396628847
SAS-SR,Evaluative criterion,0.34388546401578557,0.34179761941551967,0.002087844600265898
SAS-SR,Time horizon,0.348490666854826,0.28660122176253444,0.06188944509229155
SAS-SR,Adversity,0.16472355772329372,0.1687747501122795,-0.004051192388985769
SAS-SR,Measurement proxies,0.38879685185574053,0.4670135806762241,-0.07821672882048358
SAS-SR,Central tension,0.20807927739394672,0.19106420731515872,0.017015070078787997
RRS,Foundational claim,0.15203489965870387,0.1283748416757715,0.02366005798293236
RRS,Evaluative criterion,0.2630726384851546,0.22275027005000148,0.04032236843515313
RRS,Time horizon,0.3088196203693323,0.21647983830446282,0.09233978206486948
RRS,Adversity,0.22224161079305516,0.1540093298931351,0.06823228089992006
RRS,Measurement proxies,0.4033027183204325,0.3461099337384892,0.05719278458194332
RRS,Central tension,0.2015434090012871,0.2097197952156582,-0.008176386214371112
AUDIT-C,Foundational claim,0.14557302554528517,0.10276241441136558,0.042810611133919596
AUDIT-C,Evaluative criterion,0.2603584945452926,0.19854650624535009,0.0618119882999425
AUDIT-C,Time horizon,0.29008053524052546,0.155064977415167,0.13501555782535846
AUDIT-C,Adversity,0.1599959578742366,0.09561525933296233,0.06438069854127426
AUDIT-C,Measurement proxies,0.3168145242333029,0.27521499192555954,0.04159953230774338
AUDIT-C,Central tension,0.14499244995815508,0.15308974150263666,-0.008097291544481577
ERQ,Foundational claim,0.14588318795272714,0.11555545222358476,0.03032773572914238
ERQ,Evaluative criterion,0.2729146470825896,0.22093864144272524,0.051976005639864375
ERQ,Time horizon,0.31778075386364457,0.1841769048086459,0.13360384905499867
ERQ,Adversity,0.21570757352176262,0.15181919894384566,0.06388837457791696
ERQ,Measurement proxies,0.43953782236533123,0.36035015058464115,0.07918767178069008
ERQ,Central tension,0.1808716612060437,0.24809565049270854,-0.06722398928666484
AAQ-II,Foundational claim,0.23335964827929923,0.18615921723224016,0.047200431047059066
AAQ-II,Evaluative criterion,0.2998400859222474,0.27745155354047557,0.022388532381771853
AAQ-II,Time horizon,0.31296378808223135,0.2627369251909144,0.05022686289131695
AAQ-II,Adversity,0.33812585948323226,0.24107842897264486,0.0970474305105874
AAQ-II,Measurement proxies,0.40702102130464657,0.42330830523282126,-0.01628728392817469
AAQ-II,Central tension,0.2894023811031581,0.32132746395718104,-0.03192508285402296
WSAS,Foundational claim,0.18258033983801591,0.1527512888687379,0.029829050969278015
WSAS,Evaluative criterion,0.33693215307874347,0.311297269302253,0.02563488377649048
WSAS,Time horizon,0.3287789379252062,0.2716730079823355,0.05710592994287067
WSAS,Adversity,0.23574033524549154,0.18860190016341027,0.047138435082081265
WSAS,Measurement proxies,0.4280696181894459,0.4463130223370896,-0.018243404147643694
WSAS,Central tension,0.2521967198617624,0.20721638312471669,0.04498033673704571
MFQ,Foundational claim,0.10317329346263893,0.0459736715060276,0.057199621956611324
MFQ,Evaluative criterion,0.30215420073269184,0.18103650920192227,0.12111769153076957
MFQ,Time horizon,0.2767768426610453,0.1365183312278554,0.1402585114331899
MFQ,Adversity,0.21901389455903697,0.09454396589709324,0.12446992866194373
MFQ,Measurement proxies,0.45778116796244994,0.32638108220582907,0.13140008575662088
MFQ,Central tension,0.2060039218026395,0.1354446237517718,0.07055929805086769
SPIN,Foundational claim,0.10364625648080183,0.05305266778452189,0.050593588696279945
SPIN,Evaluative criterion,0.2788908095757793,0.19205062305138076,0.08684018652439851
SPIN,Time horizon,0.28225596582100554,0.13505439048409018,0.14720157533691536
SPIN,Adversity,0.2247108113376095,0.1016619388394101,0.1230488724981994
SPIN,Measurement proxies,0.37870481813044043,0.3057561273877092,0.07294869074273125
SPIN,Central tension,0.17533351187649437,0.12927046707366585,0.04606304480282852
PGI,Foundational claim,0.24171223273554743,0.2888083989393594,-0.04709616620381196
PGI,Evaluative criterion,0.3137880788589802,0.39553877721324937,-0.08175069835426918
PGI,Time horizon,0.33826345478233366,0.3455293961800605,-0.0072659413977268494
PGI,Adversity,0.22264311975854412,0.30472205373066097,-0.08207893397211685
PGI,Measurement proxies,0.42237287380632316,0.594788637066605,-0.17241576326028185
PGI,Central tension,0.26335468611104607,0.371132483131835,-0.10777779702078893
RYFF-PWB,Foundational claim,0.4040485150723049,0.4539651734738456,-0.04991665840154069
RYFF-PWB,Evaluative criterion,0.52859484263771,0.539533109989641,-0.010938267351931041
RYFF-PWB,Time horizon,0.48713178504042576,0.5049263898055645,-0.017794604765138722
RYFF-PWB,Adversity,0.316618422238673,0.37043338334630826,-0.053814961107635284
RYFF-PWB,Measurement proxies,0.5480210475631079,0.7015197495271873,-0.15349870196407944
RYFF-PWB,Central tension,0.3803424805357467,0.49357035381386627,-0.11322787327811956
BPNS,Foundational claim,0.2544277681175622,0.26007295886975457,-0.005645190752192386
BPNS,Evaluative criterion,0.4119980612977536,0.41143021470717955,0.0005678465905740726
BPNS,Time horizon,0.4056704113570099,0.3461582177155713,0.05951219364143856
BPNS,Adversity,0.23718115836169706,0.21107362383146677,0.026107534530230292
BPNS,Measurement proxies,0.4204945484938858,0.536991806751773,-0.11649725825788726
BPNS,Central tension,0.34648847922019,0.30258424942354656,0.043904229796643435
MLQ,Foundational claim,0.33126960043587506,0.28663668201866677,0.04463291841720829
MLQ,Evaluative criterion,0.3825446549766056,0.36593903217073076,0.016605622805874853
MLQ,Time horizon,0.4035494444537948,0.3353712185137021,0.06817822594009271
MLQ,Adversity,0.24163741390133264,0.21698444366231517,0.02465297023901747
MLQ,Measurement proxies,0.45978523099568713,0.579344431542274,-0.11955920054658686
MLQ,Central tension,0.3587847011492692,0.33036978473686407,0.028414916412405122
FS,Foundational claim,0.36186802292736964,0.36043719873600166,0.0014308241913679742
FS,Evaluative criterion,0.5185237317907911,0.5058525877272223,0.01267114406356884
FS,Time horizon,0.470885029238453,0.46339107575081984,0.007493953487633154
FS,Adversity,0.3017232081791167,0.34951623015387456,-0.04779302197475788
FS,Measurement proxies,0.5229201186619771,0.6351453840780202,-0.11222526541604316
FS,Central tension,0.3813572794259388,0.34899240150866984,0.03236487791726894
PIL,Foundational claim,0.3656407686061206,0.33755873563474037,0.028082032971380233
PIL,Evaluative criterion,0.4066329991694768,0.40788560269108043,-0.0012526035216036124
PIL,Time horizon,0.41421981004679953,0.36746100594495734,0.04675880410184219
PIL,Adversity,0.24899623653732306,0.24605290453922135,0.002943331998101706
PIL,Measurement proxies,0.47865220154826593,0.6383945497444644,-0.15974234819619848
PIL,Central tension,0.3911778937852568,0.34545448423101865,0.04572340955423815
COMPAS-W,Foundational claim,0.3658739516020889,0.3330517414857328,0.03282221011635611
COMPAS-W,Evaluative criterion,0.575278915401658,0.5008565635404364,0.07442235186122159
COMPAS-W,Time horizon,0.5404568961732228,0.4529408613109738,0.08751603486224901
COMPAS-W,Adversity,0.322472068641261,0.29181891593375386,0.030653152707507125
COMPAS-W,Measurement proxies,0.6017137033311957,0.6248373209228691,-0.023123617591673473
COMPAS-W,Central tension,0.3864504557685873,0.33564514584765237,0.050805309920934905
SHS,Foundational claim,0.3361933579617421,0.2519187080129872,0.08427464994875489
SHS,Evaluative criterion,0.4662732993092171,0.3515126121631136,0.11476068714610355
SHS,Time horizon,0.4667369235461146,0.33354025647257535,0.13319666707353928
SHS,Adversity,0.24215222463461072,0.1729542662561323,0.06919795837847842
SHS,Measurement proxies,0.5433541457440362,0.43937998853275784,0.10397415721127834
SHS,Central tension,0.3161645592145662,0.2337352656506324,0.0824292935639338
PWI,Foundational claim,0.4248692895235028,0.37355874550991297,0.05131054401358981
PWI,Evaluative criterion,0.6235944608171058,0.5318212268562265,0.09177323396087933
PWI,Time horizon,0.5981722455805524,0.4602688097937939,0.13790343578675845
PWI,Adversity,0.30394469620470654,0.2629387685694594,0.04100592763524713
PWI,Measurement proxies,0.5320032978306648,0.5580113531141273,-0.026008055283462506
PWI,Central tension,0.37531492004139366,0.300075961067093,0.07523895897430066
PGIS-II,Foundational claim,0.20131556213044566,0.23789110552849058,-0.03657554339804492
PGIS-II,Evaluative criterion,0.29119659276423415,0.363414922418116,-0.07221832965388186
PGIS-II,Time horizon,0.3277123667260471,0.3348549709275308,-0.0071426042014837154
PGIS-II,Adversity,0.1954707332463772,0.28109795295452344,-0.08562721970814624
PGIS-II,Measurement proxies,0.4097943738622727,0.5737429239540488,-0.1639485500917761
PGIS-II,Central tension,0.24369467490724483,0.3443851597886418,-0.10069048488139698
LOT-R,Foundational claim,0.27224825363557326,0.22891254151450302,0.043335712121070236
LOT-R,Evaluative criterion,0.3576165357863128,0.30142869531371885,0.05618784047259395
LOT-R,Time horizon,0.3356931742062642,0.2773508494456177,0.05834232476064649
LOT-R,Adversity,0.28339919538546554,0.22786829337795167,0.05553090200751387
LOT-R,Measurement proxies,0.4331261413734341,0.3875509664903134,0.045575174883120684
LOT-R,Central tension,0.25091806973168174,0.21905396644081687,0.031864103290864865
SWB,Foundational claim,0.4296155799012872,0.3295685136428028,0.10004706625848436
SWB,Evaluative criterion,0.6088886611382919,0.46050449538425164,0.14838416575404023
SWB,Time horizon,0.577323886491481,0.48757156743610564,0.0897523190553754
SWB,Adversity,0.32946172932140017,0.25864784811072616,0.070813881210674
SWB,Measurement proxies,0.6524943833009067,0.5406458125816644,0.11184857071924226
SWB,Central tension,0.40299405016782563,0.31003251117856423,0.0929615389892614
SOC-13,Foundational claim,0.30760788513656356,0.29269969917230076,0.014908185964262799
SOC-13,Evaluative criterion,0.40532444851539595,0.39897647052810525,0.006347977987290698
SOC-13,Time horizon,0.38250800201195634,0.33905250638637585,0.04345549562558049
SOC-13,Adversity,0.3009832011612754,0.2789348101202842,0.02204839104099121
SOC-13,Measurement proxies,0.4754494103464213,0.5846601104432564,-0.10921070009683509
SOC-13,Central tension,0.33394046998862303,0.32687208605075835,0.007068383937864686
FMI,Foundational claim,0.15763637091877658,0.13684041526024826,0.02079595565852832
FMI,Evaluative criterion,0.2961083010101462,0.28459202165128294,0.011516279358863235
FMI,Time horizon,0.3666390178889751,0.26751513334644716,0.09912388454252796
FMI,Adversity,0.19216893433682136,0.180539219425066,0.011629714911755351
FMI,Measurement proxies,0.43317036240951745,0.4471979586231596,-0.014027596213642135
FMI,Central tension,0.20586692467039058,0.23332097579547073,-0.027454051125080148
MAAS,Foundational claim,0.1261870331009285,0.12503049116845322,0.0011565419324752746
MAAS,Evaluative criterion,0.2754220448858107,0.25074128476477275,0.024680760121037926
MAAS,Time horizon,0.3545789980816636,0.2580370522198402,0.09654194586182341
MAAS,Adversity,0.1669681547310231,0.15640118881567733,0.010566965915345783
MAAS,Measurement proxies,0.4120774990711066,0.4143048973546506,-0.002227398283544013
MAAS,Central tension,0.18286926643543766,0.23021368204901216,-0.0473444156135745
RSE,Foundational claim,0.22646015913520734,0.2201417224313349,0.006318436703872443
RSE,Evaluative criterion,0.3982033134968359,0.3504572312954136,0.04774608220142229
RSE,Time horizon,0.39466438706878126,0.26466912344078086,0.1299952636280004
RSE,Adversity,0.17958862044481472,0.14683379856747214,0.03275482187734258
RSE,Measurement proxies,0.4474187542132917,0.439754040042027,0.007664714171264686
RSE,Central tension,0.24232472555782092,0.209101055597828,0.03322366995999293
PSC-17,Foundational claim,0.13888533406676418,0.07461749259650596,0.06426784147025821
PSC-17,Evaluative criterion,0.3142968141560213,0.23348522780231384,0.08081158635370744
PSC-17,Time horizon,0.30974324735245773,0.1612174589565225,0.14852578839593522
PSC-17,Adversity,0.2536145519377193,0.12624471515519398,0.12736983678252534
PSC-17,Measurement proxies,0.43209272226887696,0.3574344000465359,0.07465832222234103
PSC-17,Central tension,0.22354582355024355,0.15647019836331266,0.06707562518693089
SRS-2,Foundational claim,0.08853093763348485,0.06846392276413305,0.020067014869351807
SRS-2,Evaluative criterion,0.23359608781570174,0.18538484155555535,0.04821124626014639
SRS-2,Time horizon,0.27631351857879904,0.15416733094905188,0.12214618762974716
SRS-2,Adversity,0.15614637229636075,0.08182241406656043,0.07432395822980031
SRS-2,Measurement proxies,0.3520268955528896,0.3445161581256089,0.0075107374272807
SRS-2,Central tension,0.19230885736420456,0.11835870219372768,0.07395015517047687
GAD-2,Foundational claim,0.14353485301050983,0.07975506836100721,0.06377978464950262
GAD-2,Evaluative criterion,0.32707374327938243,0.23106570520083913,0.0960080380785433
GAD-2,Time horizon,0.36019368472270663,0.17696941461717897,0.18322427010552766
GAD-2,Adversity,0.23131517534854185,0.10770045039367693,0.12361472495486492
GAD-2,Measurement proxies,0.3694738010567187,0.2622343729372072,0.10723942811951148
GAD-2,Central tension,0.19732643250896875,0.15296591891496158,0.04436051359400717
PHQ-2,Foundational claim,0.2404427116969382,0.1383177620007554,0.1021249496961828
PHQ-2,Evaluative criterion,0.37161384425518085,0.25112934737285775,0.1204844968823231
PHQ-2,Time horizon,0.3896486701974491,0.239513111350671,0.1501355588467781
PHQ-2,Adversity,0.2612139119857557,0.14556072852918256,0.11565318345657316
PHQ-2,Measurement proxies,0.460287094079155,0.3473075342531299,0.11297955982602514
PHQ-2,Central tension,0.3034657565365453,0.22147968863925227,0.08198606789729301
QOLS,Foundational claim,0.4030900942759219,0.38031021512465535,0.022779879151266558
QOLS,Evaluative criterion,0.5275830338460571,0.4859324560146625,0.041650577831394586
QOLS,Time horizon,0.5102309192985858,0.42124978706289173,0.08898113223569404
QOLS,Adversity,0.2922564503653259,0.25623021689383596,0.03602623347148992
QOLS,Measurement proxies,0.532095097879222,0.587007266400999,-0.05491216852177694
QOLS,Central tension,0.4029891174080207,0.3076112259580941,0.09537789144992659
VR-12,Foundational claim,0.2091668333627983,0.21030133147421237,-0.001134498111414084
VR-12,Evaluative criterion,0.3447030115505507,0.33364287518099767,0.011060136369553053
VR-12,Time horizon,0.3423335398342462,0.24852362492396318,0.09380991491028301
VR-12,Adversity,0.21520785021007793,0.19649191102934604,0.01871593918073189
VR-12,Measurement proxies,0.4323646203722422,0.4169793879048692,0.015385232467373
VR-12,Central tension,0.22649505732294928,0.19926634382938724,0.02722871349356204
Connor-Davidson-10,Foundational claim,0.2127610747416715,0.20922272158036692,0.003538353161304575
Connor-Davidson-10,Evaluative criterion,0.37056204232465784,0.33269454454951786,0.03786749777513998
Connor-Davidson-10,Time horizon,0.3251429193229125,0.3096167983341295,0.015526120988783032
Connor-Davidson-10,Adversity,0.29341218826147164,0.3643895621259181,-0.07097737386444647
Connor-Davidson-10,Measurement proxies,0.433068933128416,0.45404439031550503,-0.02097545718708904
Connor-Davidson-10,Central tension,0.24560137034900043,0.27346511978972865,-0.027863749440728225
FFMQ,Foundational claim,0.15072299255726807,0.14712133111826098,0.0036016614390070867
FFMQ,Evaluative criterion,0.291697761999104,0.2807026348949415,0.010995127104162505
FFMQ,Time horizon,0.3398769072885096,0.2832682474408468,0.056608659847662834
FFMQ,Adversity,0.18434831036365085,0.17546702403335424,0.008881286330296612
FFMQ,Measurement proxies,0.4308137816611406,0.4288168898630982,0.0019968917980424106
FFMQ,Central tension,0.19350553942486926,0.23499291303120884,-0.041487373606339584
SCS,Foundational claim,0.1773851992396076,0.15644519868996665,0.020940000549640958
SCS,Evaluative criterion,0.31476281756099755,0.28558966204090463,0.02917315552009292
SCS,Time horizon,0.31073142262386566,0.25212320739267213,0.05860821523119353
SCS,Adversity,0.23470911235306757,0.2160948422735428,0.018614270079524764
SCS,Measurement proxies,0.41523935322982086,0.42090318395455095,-0.00566383072473009
SCS,Central tension,0.22899615535515683,0.23404872960663026,-0.0050525742514734295
PERMA-P,Foundational claim,0.42456161638870915,0.37858775854495363,0.04597385784375552
PERMA-P,Evaluative criterion,0.5732872325498909,0.5248156520386983,0.0484715805111926
PERMA-P,Time horizon,0.5351970720148067,0.5026272211717885,0.03256985084301822
PERMA-P,Adversity,0.3340941245209158,0.34227884611208625,-0.008184721591170452
PERMA-P,Measurement proxies,0.6130707598759135,0.6269478667434607,-0.013877106867547173
PERMA-P,Central tension,0.3986416385912428,0.37407003283454987,0.024571605756692927
SBI,Foundational claim,0.2243736561372709,0.21721377214753157,0.007159883989739324
SBI,Evaluative criterion,0.32786415394892066,0.30794977084712516,0.019914383101795496
SBI,Time horizon,0.3118336204777692,0.3344830383639301,-0.022649417886160927
SBI,Adversity,0.24121404663523904,0.3488630800668716,-0.10764903343163257
SBI,Measurement proxies,0.42823628324843155,0.5094658573058714,-0.0812295740574398
SBI,Central tension,0.24871955568524773,0.26356535671310755,-0.014845801027859817
EPOCH,Foundational claim,0.3182814440586731,0.3248074903903472,-0.006526046331674085
EPOCH,Evaluative criterion,0.4446921983101806,0.4535023540735854,-0.008810155763404826
EPOCH,Time horizon,0.41888826537269686,0.4256541301996629,-0.0067658648269660615
EPOCH,Adversity,0.3047489205106666,0.3570651494261048,-0.05231622891543819
EPOCH,Measurement proxies,0.5477977368154899,0.6037316398005438,-0.05593390298505385
EPOCH,Central tension,0.3537921396537105,0.37218543041725793,-0.018393290763547454
CASP-19,Foundational claim,0.3975570827685809,0.3749321240602963,0.022624958708284626
CASP-19,Evaluative criterion,0.4813365581318443,0.45455617336953047,0.026780384762313814
CASP-19,Time horizon,0.46953813986389004,0.38128823576331894,0.0882499041005711
CASP-19,Adversity,0.31186683493282497,0.256562411503267,0.05530442342955799
CASP-19,Measurement proxies,0.48784983044144015,0.5803352759905256,-0.09248544554908544
CASP-19,Central tension,0.3995083338891048,0.33768902392208267,0.06181930996702212
SPF-IL,Foundational claim,0.37946177413904014,0.35051593069742704,0.028945843441613106
SPF-IL,Evaluative criterion,0.5120136228051707,0.4959783195690254,0.016035303236145326
SPF-IL,Time horizon,0.49760035817392456,0.3931033854335262,0.10449697274039838
SPF-IL,Adversity,0.3559324848879498,0.2557341373176112,0.10019834757033863
SPF-IL,Measurement proxies,0.5220732509460239,0.5889087804143757,-0.0668355294683518
SPF-IL,Central tension,0.4033838384012167,0.3633129060889406,0.0400709323122761
BSSI,Foundational claim,0.20349702694270067,0.1456230473954404,0.05787397954726026
BSSI,Evaluative criterion,0.2898690899309888,0.22150038948561956,0.06836870044536925
BSSI,Time horizon,0.35628591362472917,0.21567834277954634,0.14060757084518283
BSSI,Adversity,0.22369340089650613,0.12417415918690533,0.0995192417096008
BSSI,Measurement proxies,0.3744150205800102,0.3644288669366178,0.009986153643392393
BSSI,Central tension,0.21923216450006777,0.19631791685309463,0.02291424764697314
LSAS,Foundational claim,0.08220347144327345,0.0405529586038047,0.041650512839468745
LSAS,Evaluative criterion,0.2298680626215115,0.15966883716888025,0.07019922545263124
LSAS,Time horizon,0.2775587743221819,0.14153641195196998,0.13602236237021192
LSAS,Adversity,0.18544327060158694,0.08927902546037148,0.09616424514121547
LSAS,Measurement proxies,0.3459630017160449,0.29349173591836053,0.05247126579768435
LSAS,Central tension,0.15579041779548364,0.10826227603234684,0.0475281417631368
PDQ-4,Foundational claim,0.12348150795866719,0.04255168640721685,0.08092982155145034
PDQ-4,Evaluative criterion,0.23253804148016388,0.18255731783793328,0.04998072364223061
PDQ-4,Time horizon,0.24305261705013426,0.15505090968935797,0.08800170736077628
PDQ-4,Adversity,0.16361686395934605,0.06798000511430213,0.09563685884504391
PDQ-4,Measurement proxies,0.3536035523033829,0.35351668977516615,8.686252821676899e-05
PDQ-4,Central tension,0.18027783366441186,0.11823047694548539,0.06204735671892647
WHODAS-12,Foundational claim,0.2222902730322146,0.24606042242165294,-0.023770149389438333
WHODAS-12,Evaluative criterion,0.37348983529161506,0.35799885799088704,0.015490977300728015
WHODAS-12,Time horizon,0.3853660658820759,0.293534008351936,0.0918320575301399
WHODAS-12,Adversity,0.21840101025507608,0.19440239460491926,0.023998615650156818
WHODAS-12,Measurement proxies,0.43139945821534886,0.47511825746236813,-0.04371879924701927
WHODAS-12,Central tension,0.23116381558207622,0.23917694680767887,-0.008013131225602654
DTS,Foundational claim,0.07454988857330636,0.012060542753289938,0.06248934582001642
DTS,Evaluative criterion,0.23323033559542317,0.13754631208953538,0.09568402350588778
DTS,Time horizon,0.2525118883254154,0.13393711732737357,0.11857477099804181
DTS,Adversity,0.19988286245742648,0.09257221956646922,0.10731064289095726
DTS,Measurement proxies,0.349671513197938,0.2814537578979661,0.06821775529997187
DTS,Central tension,0.1421555006578018,0.09901636302303529,0.04313913763476651
ZSDS,Foundational claim,0.19163180336996077,0.11728602515105768,0.07434577821890309
ZSDS,Evaluative criterion,0.3669679433902988,0.2519810062279193,0.11498693716237951
ZSDS,Time horizon,0.36493915765086427,0.22462020695830642,0.14031895069255784
ZSDS,Adversity,0.24497070728180215,0.12119024854818727,0.12378045873361487
ZSDS,Measurement proxies,0.5306671301855401,0.41121605516313553,0.1194510750224046
ZSDS,Central tension,0.26133587970733574,0.21273898126955926,0.04859689843777648
ZSAS,Foundational claim,0.1075041282418191,0.04580005059179004,0.061704077650029054
ZSAS,Evaluative criterion,0.29738276299605515,0.198206483210829,0.09917627978522614
ZSAS,Time horizon,0.32107866121389084,0.13384339154288827,0.18723526967100257
ZSAS,Adversity,0.23072578832639667,0.09495988350108753,0.13576590482530915
ZSAS,Measurement proxies,0.45274066480096575,0.3244582030700247,0.12828246173094104
ZSAS,Central tension,0.21412635188332763,0.13195315081858783,0.0821732010647398
HDRS-21,Foundational claim,0.14141512518496246,0.08959518394998,0.05181994123498246
HDRS-21,Evaluative criterion,0.22962875062112897,0.19160990633951425,0.03801884428161473
HDRS-21,Time horizon,0.2408457792343247,0.1681690292594087,0.07267674997491602
HDRS-21,Adversity,0.19931101571902254,0.10942085278910552,0.08989016292991703
HDRS-21,Measurement proxies,0.3704646275906577,0.3001995151752833,0.07026511241537436
HDRS-21,Central tension,0.16508322593854374,0.17163144800585672,-0.006548222067312981
TAS-20,Foundational claim,0.16299767779597274,0.1282570698090857,0.03474060798688705
TAS-20,Evaluative criterion,0.2946844601975712,0.20964439255970224,0.08504006763786898
TAS-20,Time horizon,0.29332489526903804,0.2123571892534819,0.08096770601555614
TAS-20,Adversity,0.18573306177674576,0.1279796370164401,0.05775342476030565
TAS-20,Measurement proxies,0.42519782535170725,0.3375344643160971,0.08766336103561012
TAS-20,Central tension,0.22620472634636446,0.19600932309691244,0.030195403249452024
IRI,Foundational claim,0.14622877028121484,0.10949939862141977,0.03672937165979506
IRI,Evaluative criterion,0.27173202612867864,0.23319791062094575,0.03853411550773289
IRI,Time horizon,0.2702594311024469,0.17722586251138284,0.09303356859106404
IRI,Adversity,0.18057524915754464,0.11877362316379225,0.061801625993752385
IRI,Measurement proxies,0.410721202583729,0.3611843867142156,0.04953681586951342
IRI,Central tension,0.17625976069191818,0.2129406745068858,-0.03668091381496763
YBOCS-II,Foundational claim,0.09587736693886084,0.0468638479948299,0.04901351894403094
YBOCS-II,Evaluative criterion,0.22420818633404527,0.1806611323329812,0.04354705400106407
YBOCS-II,Time horizon,0.29128965247942984,0.15817697623185656,0.13311267624757328
YBOCS-II,Adversity,0.17181267018337565,0.09991948793320604,0.07189318225016961
YBOCS-II,Measurement proxies,0.35641795936900666,0.3241542202169134,0.03226373915209324
YBOCS-II,Central tension,0.16921662454310982,0.13272359319649585,0.03649303134661397
PSAS,Foundational claim,0.0864609210872389,0.03727123358673978,0.049189687500499124
PSAS,Evaluative criterion,0.2536427840294425,0.16965922781918197,0.08398355621026055
PSAS,Time horizon,0.2859785164341083,0.13163102468124344,0.15434749175286488
PSAS,Adversity,0.1857621124852411,0.05897504107018747,0.12678707141505363
PSAS,Measurement proxies,0.3529009053011366,0.2796481825068826,0.07325272279425399
PSAS,Central tension,0.1737806555197564,0.12652084888152204,0.04725980663823437
BASIS-24,Foundational claim,0.18373030781655608,0.13708475500548456,0.04664555281107152
BASIS-24,Evaluative criterion,0.385620973364718,0.3217640536641744,0.06385691970054364
BASIS-24,Time horizon,0.40487565909368217,0.2765461995092452,0.12832945958443698
BASIS-24,Adversity,0.2366956093049627,0.15704716520883677,0.07964844409612593
BASIS-24,Measurement proxies,0.5336970338619396,0.49086226749676154,0.04283476636517802
BASIS-24,Central tension,0.23260817971635728,0.17498205930625876,0.057626120410098514
SIAS,Foundational claim,0.08249297124788968,0.0443704377875187,0.03812253346037098
SIAS,Evaluative criterion,0.22934474419792428,0.16683460270381267,0.0625101414941116
SIAS,Time horizon,0.25611207201549324,0.12453283633286172,0.13157923568263152
SIAS,Adversity,0.15450337634348554,0.08435100561321085,0.0701523707302747
SIAS,Measurement proxies,0.31640844609514607,0.29448163896865887,0.021926807126487202
SIAS,Central tension,0.19380014227376063,0.1284535276467016,0.06534661462705904
SPS,Foundational claim,0.0871153321226723,0.05049050832201751,0.03662482380065479
SPS,Evaluative criterion,0.2706707224751609,0.21952013045763386,0.05115059201752703
SPS,Time horizon,0.28337420436040905,0.14394973957195767,0.13942446478845139
SPS,Adversity,0.19381553243109828,0.09269119112237223,0.10112434130872605
SPS,Measurement proxies,0.359966342316298,0.3156059686989682,0.04436037361732981
SPS,Central tension,0.16968800128893102,0.14840356182567283,0.021284439463258198
CSSQ,Foundational claim,0.22964282745430165,0.20571562109114694,0.023927206363154707
CSSQ,Evaluative criterion,0.3915811251053143,0.3556520941648149,0.035929030940499374
CSSQ,Time horizon,0.4331508110043958,0.23762471300507537,0.19552609799932041
CSSQ,Adversity,0.22430857867164478,0.17020658158429058,0.05410199708735419
CSSQ,Measurement proxies,0.4402473419014149,0.4321182709390917,0.008129070962323182
CSSQ,Central tension,0.26377652746677926,0.22467671799475353,0.03909980947202574
PSQ,Foundational claim,0.13007457618100027,0.10081393303972697,0.0292606431412733
PSQ,Evaluative criterion,0.3216244025890834,0.23871851929900678,0.08290588329007664
PSQ,Time horizon,0.3411677579708363,0.2005887140874869,0.1405790438833494
PSQ,Adversity,0.171972194565702,0.11781329209668434,0.05415890246901767
PSQ,Measurement proxies,0.3610968458426984,0.35715813136926355,0.003938714473434857
PSQ,Central tension,0.199578847955168,0.14470020539697392,0.05487864255819408
ASRS,Foundational claim,0.08842379663135347,0.06007391269901252,0.028349883932340947
ASRS,Evaluative criterion,0.19600738867156964,0.1499670234671312,0.04604036520443844
ASRS,Time horizon,0.26757930990705214,0.12709331597690954,0.1404859939301426
ASRS,Adversity,0.17322853746547273,0.07443227126496088,0.09879626620051185
ASRS,Measurement proxies,0.3256939527383187,0.287753420036462,0.03794053270185671
ASRS,Central tension,0.19274852567692236,0.15950844490591654,0.03324008077100582
BARS,Foundational claim,0.09346198690326091,0.05958152834153052,0.03388045856173039
BARS,Evaluative criterion,0.23664345409974463,0.1689946801087545,0.06764877399099012
BARS,Time horizon,0.27510089209955324,0.11752248981316438,0.15757840228638886
BARS,Adversity,0.17709822593116098,0.0568516998636297,0.12024652606753128
BARS,Measurement proxies,0.3649568081965986,0.2771308392091816,0.08782596898741701
BARS,Central tension,0.20881913623219228,0.10904562897173031,0.09977350726046197
SAS,Foundational claim,0.0905408253614004,0.0320964451451452,0.0584443802162552
SAS,Evaluative criterion,0.1752752483370441,0.1329462791171474,0.042328969219896706
SAS,Time horizon,0.18504647311557254,0.08266878363290386,0.10237768948266868
SAS,Adversity,0.1412712683198507,0.02989975188527705,0.11137151643457366
SAS,Measurement proxies,0.32021297370104085,0.23544075650432794,0.0847722171967129
SAS,Central tension,0.13414572466574004,0.07799470123147856,0.05615102343426148
SAPS,Foundational claim,0.11347907003114743,0.08415565820552795,0.029323411825619483
SAPS,Evaluative criterion,0.2570297262689867,0.19519467911383503,0.061835047155151646
SAPS,Time horizon,0.23933762185100294,0.17367241782741882,0.06566520402358411
SAPS,Adversity,0.18024268702066149,0.07371832517219756,0.10652436184846392
SAPS,Measurement proxies,0.3881445771306571,0.3029444225915211,0.08520015453913599
SAPS,Central tension,0.15095582823478026,0.08122980524443357,0.06972602299034669
CDRS-R,Foundational claim,0.11736860350526168,0.06086719065512414,0.056501412850137545
CDRS-R,Evaluative criterion,0.3054325749195901,0.2117182990146823,0.09371427590490777
CDRS-R,Time horizon,0.29497565149929816,0.16329185312144112,0.13168379837785704
CDRS-R,Adversity,0.20871717583002258,0.09937832019710335,0.10933885563291923
CDRS-R,Measurement proxies,0.46190126221375727,0.3538112767546808,0.10808998545907644
CDRS-R,Central tension,0.19708719952974896,0.13749100524107416,0.0595961942886748
CBCL-YSR,Foundational claim,0.11890447743883559,0.062488728163711094,0.056415749275124494
CBCL-YSR,Evaluative criterion,0.2659109842572107,0.21183099881700107,0.054079985440209644
CBCL-YSR,Time horizon,0.2951327119834536,0.15945074656477198,0.1356819654186816
CBCL-YSR,Adversity,0.21636511522910706,0.093988115506761,0.12237699972234606
CBCL-YSR,Measurement proxies,0.39875356945755436,0.3369774945440639,0.061776074913490464
CBCL-YSR,Central tension,0.1678605947543763,0.11607095383080523,0.05178964092357108
ADOS-2,Foundational claim,0.11872590632010971,0.11104261943297922,0.007683286887130492
ADOS-2,Evaluative criterion,0.22473165228125946,0.19768359056870022,0.027048061712559246
ADOS-2,Time horizon,0.28558502420946674,0.20230731659471368,0.08327770761475306
ADOS-2,Adversity,0.14685753982443317,0.09170368244410643,0.05515385738032674
ADOS-2,Measurement proxies,0.2898114399509113,0.2991532495241539,-0.009341809573242599
ADOS-2,Central tension,0.15395946777980996,0.11660726742137562,0.03735220035843434
CARS-2,Foundational claim,0.08173316161723876,0.0640380914917067,0.017695070125532064
CARS-2,Evaluative criterion,0.2521932145227662,0.20599226088116096,0.04620095364160526
CARS-2,Time horizon,0.2799825128042557,0.1469499375813894,0.13303257522286627
CARS-2,Adversity,0.16340037047264988,0.06916139563724599,0.09423897483540389
CARS-2,Measurement proxies,0.37373539578341364,0.33800023485670705,0.03573516092670659
CARS-2,Central tension,0.17939024079625143,0.08686293163472691,0.09252730916152452
NPI,Foundational claim,0.12441333284965517,0.07229026881481593,0.05212306403483924
NPI,Evaluative criterion,0.2643794290059236,0.19025360309141337,0.07412582591451022
NPI,Time horizon,0.29086796525401437,0.16306902383351796,0.12779894142049641
NPI,Adversity,0.2099812385230796,0.07777065023067653,0.13221058829240306
NPI,Measurement proxies,0.3965348326991516,0.30575384120320603,0.09078099149594554
NPI,Central tension,0.19779185176055547,0.14297329816672832,0.054818553593827146
DSHI,Foundational claim,0.14415425761471878,0.0710870376147813,0.07306721999993748
DSHI,Evaluative criterion,0.2308123343984756,0.1820469992711904,0.0487653351272852
DSHI,Time horizon,0.29106229953265506,0.15743451914047846,0.1336277803921766
DSHI,Adversity,0.19457301824015916,0.11554536890125489,0.07902764933890427
DSHI,Measurement proxies,0.3462496437692413,0.3127649249267641,0.03348471884247717
DSHI,Central tension,0.19218981788606726,0.1999165771290914,-0.007726759243024128
PCL-C,Foundational claim,0.09970059156925515,0.03682749704417987,0.06287309452507528
PCL-C,Evaluative criterion,0.27008993066241294,0.16969694545493463,0.1003929852074783
PCL-C,Time horizon,0.2577565942665211,0.13896031370379858,0.11879628056272251
PCL-C,Adversity,0.22709570238986276,0.10162369312729647,0.1254720092625663
PCL-C,Measurement proxies,0.3764010240732931,0.3128961579669052,0.06350486610638795
PCL-C,Central tension,0.17258363004462707,0.11645502213576864,0.05612860790885843
TSC-40,Foundational claim,0.0836060137580854,0.03432701863243337,0.049278995125652036
TSC-40,Evaluative criterion,0.24741487657722894,0.15301370616766286,0.09440117040956608
TSC-40,Time horizon,0.26641627938398194,0.18329461754133525,0.08312166184264669
TSC-40,Adversity,0.18599899449386248,0.11931140412169006,0.06668759037217242
TSC-40,Measurement proxies,0.36141766586724855,0.31888095756172163,0.042536708305526916
TSC-40,Central tension,0.14707614392562207,0.1222563878876598,0.02481975603796227
CTQ,Foundational claim,0.1240258724825184,0.060858261211575226,0.06316761127094317
CTQ,Evaluative criterion,0.23671963802039186,0.16665381440348104,0.07006582361691083
CTQ,Time horizon,0.2651844847385847,0.21066230080602044,0.05452218393256425
CTQ,Adversity,0.25204235153217913,0.14836823171801128,0.10367411981416785
CTQ,Measurement proxies,0.3849647057211558,0.34423346149815615,0.040731244222999674
CTQ,Central tension,0.18163748809379554,0.15627023774753468,0.02536725034626086
DES,Foundational claim,0.13050088428670237,0.09947390305257697,0.031026981234125395
DES,Evaluative criterion,0.23968697683671725,0.1717938867448764,0.06789309009184086
DES,Time horizon,0.24804332099969628,0.17627327980802754,0.07177004119166874
DES,Adversity,0.18889724924444917,0.09272072110856311,0.09617652813588606
DES,Measurement proxies,0.33328325246875257,0.30534323656300044,0.027940015905752125
DES,Central tension,0.17800916958555324,0.1879330728478128,-0.009923903262259559
PHQ-4,Foundational claim,0.19248214630963345,0.10667880545967934,0.08580334084995411
PHQ-4,Evaluative criterion,0.3194145542519573,0.23485416870328235,0.08456038554867495
PHQ-4,Time horizon,0.361147794811579,0.1984323540792614,0.16271544073231758
PHQ-4,Adversity,0.24929495726847994,0.1431673375219613,0.10612761974651863
PHQ-4,Measurement proxies,0.4138107895839649,0.3161549891869011,0.09765580039706379
PHQ-4,Central tension,0.249055934883895,0.1784036583181715,0.07065227656572348
SDI,Foundational claim,0.0845017761472765,0.058595711183531574,0.025906064963744924
SDI,Evaluative criterion,0.23979823137324918,0.17092785351845907,0.06887037785479011
SDI,Time horizon,0.308640569130055,0.15182463668059953,0.15681593244945546
SDI,Adversity,0.17130391526887656,0.07565352507990164,0.09565039018897492
SDI,Measurement proxies,0.3275909160420871,0.28165539182742894,0.045935524214658185
SDI,Central tension,0.16517305021200668,0.14555822683214936,0.019614823379857316
BRIEF,Foundational claim,0.09772428134516586,0.0997741761246429,-0.002049894779477035
BRIEF,Evaluative criterion,0.2307468641125907,0.23874497809431805,-0.00799811398172734
BRIEF,Time horizon,0.24613643832515464,0.20041487371804367,0.045721564607110965
BRIEF,Adversity,0.14994853411537523,0.08343822934112766,0.06651030477424758
BRIEF,Measurement proxies,0.3306245084193413,0.3444159127883296,-0.013791404368988291
BRIEF,Central tension,0.1544101571419354,0.18259158671970455,-0.028181429577769146
ABAS-3,Foundational claim,0.20474439588075144,0.2551839540855567,-0.05043955820480528
ABAS-3,Evaluative criterion,0.3516882111669901,0.35790933229274746,-0.006221121125757345
ABAS-3,Time horizon,0.33632088801865934,0.29750713456149824,0.03881375345716109
ABAS-3,Adversity,0.25689014253844245,0.20209865524557724,0.054791487292865204
ABAS-3,Measurement proxies,0.3270500095014086,0.40658244454548664,-0.07953243504407803
ABAS-3,Central tension,0.21338628378672309,0.20834665279859677,0.00503963098812632
ACT,Foundational claim,0.2832908156649889,0.2883601940481104,-0.005069378383121492
ACT,Evaluative criterion,0.3556584410540933,0.40537129991278686,-0.04971285885869359
ACT,Time horizon,0.36632871661078303,0.3914690441615505,-0.02514032755076745
ACT,Adversity,0.27518137533757336,0.32746839809723105,-0.052287022759657686
ACT,Measurement proxies,0.4105119776463275,0.5604395931951633,-0.14992761554883582
ACT,Central tension,0.27722574348681395,0.36961392774871715,-0.0923881842619032
VIA-IS,Foundational claim,0.23068270734262897,0.2817830466731073,-0.051100339330478306
VIA-IS,Evaluative criterion,0.30492131581701387,0.38378784663470644,-0.07886653081769257
VIA-IS,Time horizon,0.3232883732438129,0.36645803591256454,-0.04316966266875166
VIA-IS,Adversity,0.20430415124527745,0.3248083779474702,-0.12050422670219274
VIA-IS,Measurement proxies,0.4105031559285892,0.4990745798573797,-0.08857142392879047
VIA-IS,Central tension,0.23387027654645376,0.31139250659621287,-0.07752223004975911
GRIT-S,Foundational claim,0.1936855561784956,0.2040131249157091,-0.010327568737213522
GRIT-S,Evaluative criterion,0.21905605332760159,0.26894167401625035,-0.04988562068864877
GRIT-S,Time horizon,0.2827802764413667,0.26641692662526784,0.016363349816098882
GRIT-S,Adversity,0.1777223599445129,0.261409551644046,-0.08368719169953309
GRIT-S,Measurement proxies,0.33196034312464284,0.3856566263067396,-0.05369628318209674
GRIT-S,Central tension,0.2115437910191742,0.32161379839152904,-0.11007000737235484
SPQ,Foundational claim,0.10412207905663795,0.06382875337924188,0.040293325677396075
SPQ,Evaluative criterion,0.23338869359053405,0.17424087335406047,0.05914782023647358
SPQ,Time horizon,0.22833966306456344,0.16398363163680407,0.06435603142775936
SPQ,Adversity,0.14661679885794632,0.06184484040005633,0.08477195845788998
SPQ,Measurement proxies,0.3104688747423955,0.2958393731155494,0.014629501626846064
SPQ,Central tension,0.15590501972106907,0.11553923067365468,0.04036578904741439
SOS-10,Foundational claim,0.3122924273033778,0.29127995558537356,0.021012471718004244
SOS-10,Evaluative criterion,0.5237134003588286,0.46801822233077184,0.05569517802805679
SOS-10,Time horizon,0.5021413246566905,0.40306243553744525,0.09907888911924523
SOS-10,Adversity,0.29788387041454834,0.26577293962407844,0.032110930790469894
SOS-10,Measurement proxies,0.5723166310810517,0.5904662825407041,-0.018149651459652416
SOS-10,Central tension,0.33527543577547403,0.29057968517681265,0.04469575059866138
BIS-11,Foundational claim,0.09596973088223693,0.046488686213740915,0.04948104466849601
BIS-11,Evaluative criterion,0.19123424972124692,0.15351879911582045,0.03771545060542647
BIS-11,Time horizon,0.2816967855452227,0.17498069063855448,0.10671609490666822
BIS-11,Adversity,0.1440806265087886,0.07464980041570857,0.06943082609308004
BIS-11,Measurement proxies,0.32647148347329114,0.3202315756898855,0.006239907783405663
BIS-11,Central tension,0.18539430239673005,0.16882926210025873,0.016565040296471323
SCID-5-PD,Foundational claim,0.13268741002851803,0.07688686663032451,0.055800543398193514
SCID-5-PD,Evaluative criterion,0.21843388052829638,0.17971348468944182,0.03872039583885456
SCID-5-PD,Time horizon,0.26224509713746336,0.19802630743124694,0.06421878970621642
SCID-5-PD,Adversity,0.15591672257105027,0.10816447580710531,0.04775224676394496
SCID-5-PD,Measurement proxies,0.3195392409199084,0.3161369286877309,0.0034023122321774624
SCID-5-PD,Central tension,0.16271707841988525,0.1371461537180868,0.025570924701798448
AQ,Foundational claim,0.11382770529439701,0.11989279923216178,-0.006065093937764776
AQ,Evaluative criterion,0.2284426287845327,0.19780855054892277,0.03063407823560993
AQ,Time horizon,0.2581670283987336,0.20696852428103185,0.05119850411770177
AQ,Adversity,0.16135037734001578,0.11419901781097819,0.047151359529037595
AQ,Measurement proxies,0.3325990810366992,0.3355525200611813,-0.002953439024482085
AQ,Central tension,0.19536640668878802,0.1717900013933369,0.02357640529545113
MPSS,Foundational claim,0.0649929547425322,0.00474375845935171,0.060249196283180484
MPSS,Evaluative criterion,0.23140009588743649,0.1340831757732076,0.09731692011422888
MPSS,Time horizon,0.2572723048031148,0.11962434304431802,0.1376479617587968
MPSS,Adversity,0.20179844021346804,0.08832186005829756,0.11347658015517048
MPSS,Measurement proxies,0.36059123906397816,0.288173907565886,0.07241733149809215
MPSS,Central tension,0.14357200557985172,0.09720267983310493,0.04636932574674679
PAI,Foundational claim,0.17283707633355394,0.10041186994814566,0.07242520638540828
PAI,Evaluative criterion,0.29336315296553606,0.24903222318469553,0.04433092978084052
PAI,Time horizon,0.314248912421097,0.22024699292741223,0.09400191949368475
PAI,Adversity,0.23001129952118526,0.12753141171709204,0.10247988780409323
PAI,Measurement proxies,0.4619833981590422,0.4336387274234075,0.028344670735634736
PAI,Central tension,0.2174768678705914,0.15252688202961984,0.06494998584097156
OCI-R,Foundational claim,0.09942818306503509,0.042620716981588314,0.05680746608344678
OCI-R,Evaluative criterion,0.2340984225468744,0.18007654473967016,0.054021877807204244
OCI-R,Time horizon,0.2600468051218554,0.1292363417749387,0.1308104633469167
OCI-R,Adversity,0.20824997051338334,0.07659997627208559,0.13164999424129775
OCI-R,Measurement proxies,0.35073451705998426,0.30685305391044193,0.04388146314954233
OCI-R,Central tension,0.18288880219727033,0.11664697232998067,0.06624182986728966
PSS-10,Foundational claim,0.1961485706304169,0.12966912456041035,0.06647944607000655
PSS-10,Evaluative criterion,0.3188882004755743,0.22530657182786218,0.09358162864771213
PSS-10,Time horizon,0.32287952150492094,0.18018799981865308,0.14269152168626786
PSS-10,Adversity,0.22195713758668245,0.16121805240708875,0.0607390851795937
PSS-10,Measurement proxies,0.39115114881197444,0.37220955766659214,0.018941591145382297
PSS-10,Central tension,0.23847283019578058,0.20614814187497932,0.032324688320801265
STAXI-2,Foundational claim,0.09131228769000366,0.05944052803185751,0.03187175965814615
STAXI-2,Evaluative criterion,0.21431880881840237,0.16807081643927624,0.046247992379126135
STAXI-2,Time horizon,0.2686899926209234,0.14746015541636603,0.12122983720455738
STAXI-2,Adversity,0.13005983243629338,0.06175889609298779,0.06830093634330558
STAXI-2,Measurement proxies,0.42566342326418416,0.3470935298011253,0.07856989346305887
STAXI-2,Central tension,0.11301432493136021,0.11927838190070716,-0.006264056969346954
MAST,Foundational claim,0.13986913233805076,0.09128683789163206,0.048582294446418706
MAST,Evaluative criterion,0.25397055996526596,0.20885114634112867,0.045119413624137295
MAST,Time horizon,0.2798548660686945,0.14916005092206996,0.1306948151466245
MAST,Adversity,0.19868445362190723,0.12008572517977256,0.07859872844213467
MAST,Measurement proxies,0.35227430519897396,0.3211446884166952,0.03112961678227877
MAST,Central tension,0.15204754238988283,0.14300876691373388,0.009038775476148952
FTND,Foundational claim,0.07427964142587928,0.00972294227426751,0.06455669915161177
FTND,Evaluative criterion,0.19111009932295886,0.11827897023039569,0.07283112909256317
FTND,Time horizon,0.2373435306513667,0.11598516451656082,0.12135836613480588
FTND,Adversity,0.1319793618462879,0.04748852779784807,0.08449083404843982
FTND,Measurement proxies,0.29224028039706373,0.245677236147112,0.046563044249951724
FTND,Central tension,0.13994704548029846,0.1536751407183614,-0.013728095238062954
BES,Foundational claim,0.15135433805765275,0.07360350454466291,0.07775083351298984
BES,Evaluative criterion,0.2705056896611333,0.2057167876844228,0.0647889019767105
BES,Time horizon,0.3095391398414584,0.18865295584163622,0.1208861839998222
BES,Adversity,0.17782932546456565,0.06838629734085,0.10944302812371565
BES,Measurement proxies,0.34711418128772054,0.28853511851935976,0.05857906276836078
BES,Central tension,0.18493068327829754,0.16476974063089045,0.020160942647407087
EDE-Q,Foundational claim,0.1169586811126101,0.0746741689385313,0.0422845121740788
EDE-Q,Evaluative criterion,0.25563653475846015,0.20377547380723338,0.05186106095122678
EDE-Q,Time horizon,0.2837706455534976,0.18201969759194137,0.10175094796155626
EDE-Q,Adversity,0.20517959515181894,0.08832014426464263,0.11685945088717631
EDE-Q,Measurement proxies,0.36169543505080026,0.3399331884426795,0.02176224660812076
EDE-Q,Central tension,0.17225840388086333,0.20685382388536322,-0.03459542000449989
DASS-42,Foundational claim,0.17899532813558705,0.11888095236173957,0.060114375773847484
DASS-42,Evaluative criterion,0.36724605343529404,0.24316509155605415,0.12408096187923989
DASS-42,Time horizon,0.3791671882698693,0.21356541594563894,0.16560177232423035
DASS-42,Adversity,0.30037861318712455,0.1580881817635702,0.14229043142355435
DASS-42,Measurement proxies,0.5368266333079134,0.4090567711666657,0.12776986214124764
DASS-42,Central tension,0.26461258931083353,0.24374592442116916,0.020866664889664377
MFI,Foundational claim,0.1517514901990148,0.13360004739887865,0.01815144280013614
MFI,Evaluative criterion,0.26677324348744913,0.22429211875693544,0.042481124730513686
MFI,Time horizon,0.298689457690557,0.26350123477694953,0.03518822291360746
MFI,Adversity,0.1809165327900898,0.12926693333657258,0.051649599453517214
MFI,Measurement proxies,0.4150775990495694,0.37228807116116325,0.042789527888406176
MFI,Central tension,0.22579847623319615,0.19019271581534025,0.0356057604178559
FSS,Foundational claim,0.10594460078296275,0.07746510574490284,0.02847949503805991
FSS,Evaluative criterion,0.2614109053265816,0.22440430435437975,0.037006600972201875
FSS,Time horizon,0.2820967089653835,0.21799439994845138,0.06410230901693215
FSS,Adversity,0.18286957989029018,0.11640134129143676,0.06646823859885342
FSS,Measurement proxies,0.3924417511360643,0.3514764914633497,0.04096525967271458
FSS,Central tension,0.2196403168501212,0.16247292010859438,0.05716739674152682
SRS,Foundational claim,0.13816823594743888,0.09041446886945081,0.04775376707798806
SRS,Evaluative criterion,0.3338260920876871,0.21039366566213635,0.12343242642555075
SRS,Time horizon,0.3616484335389689,0.21037445460828663,0.15127397893068228
SRS,Adversity,0.22993373965470287,0.1529798429026099,0.07695389675209297
SRS,Measurement proxies,0.45302349057700053,0.3617463212484828,0.0912771693285177
SRS,Central tension,0.21083191127332968,0.18950204856111463,0.021329862712215042
TICS,Foundational claim,0.13559030502807023,0.07272725940265412,0.06286304562541611
TICS,Evaluative criterion,0.3259667071363346,0.22339752959763814,0.10256917753869643
TICS,Time horizon,0.34985892871848845,0.22437174596056275,0.1254871827579257
TICS,Adversity,0.1999294579831319,0.14236522650940264,0.057564231473729244
TICS,Measurement proxies,0.3883055709542079,0.3577674580996155,0.030538112854592403
TICS,Central tension,0.22583565871042455,0.1902605544263709,0.03557510428405364
MAIA,Foundational claim,0.1602910820726191,0.12411840649323713,0.036172675579381974
MAIA,Evaluative criterion,0.3454461430970155,0.29533088184412093,0.05011526125289456
MAIA,Time horizon,0.37251423733609024,0.23990749976382564,0.1326067375722646
MAIA,Adversity,0.2173528544777935,0.1382665764315758,0.0790862780462177
MAIA,Measurement proxies,0.43614400513254525,0.39482986608858117,0.04131413904396408
MAIA,Central tension,0.2354556271023751,0.21703096513356435,0.018424661968810763
DAS,Foundational claim,0.2154053975632837,0.18354290612326174,0.031862491440021956
DAS,Evaluative criterion,0.3381833001763228,0.28520251826614285,0.052980781910179964
DAS,Time horizon,0.3702147590246784,0.24727812840534547,0.12293663061933291
DAS,Adversity,0.18265938840092633,0.14336052311568248,0.039298865285243845
DAS,Measurement proxies,0.43249236135337465,0.4106624512112418,0.02182991014213287
DAS,Central tension,0.22578386969986664,0.20624820310313086,0.01953566659673578
RAS,Foundational claim,0.2045564637594528,0.14649468782435426,0.058061775935098536
RAS,Evaluative criterion,0.35643401487325166,0.2831082004124701,0.07332581446078157
RAS,Time horizon,0.41685397821629966,0.21244181686566987,0.20441216135062978
RAS,Adversity,0.17355978750636203,0.10949737951923155,0.06406240798713048
RAS,Measurement proxies,0.4271199409959734,0.3932251754900987,0.03389476550587467
RAS,Central tension,0.24323546078720448,0.1559603544789412,0.0872751063082633
MSPSS,Foundational claim,0.14193207330260238,0.11415403807260482,0.027778035229997555
MSPSS,Evaluative criterion,0.3205653059386344,0.24049362191092916,0.08007168402770526
MSPSS,Time horizon,0.31749122999666346,0.20354731993693154,0.11394391005973192
MSPSS,Adversity,0.17572065835258832,0.14589320487364332,0.029827453478945
MSPSS,Measurement proxies,0.3505514111257194,0.3581029441890995,-0.007551533063380078
MSPSS,Central tension,0.19701107075723945,0.14480725812542639,0.05220381263181306
UCLA-LS,Foundational claim,0.15007258281303448,0.09112909608540354,0.058943486727630945
UCLA-LS,Evaluative criterion,0.30855347230898644,0.2219867188906508,0.08656675341833564
UCLA-LS,Time horizon,0.312772079232742,0.18792752417427372,0.12484455505846825
UCLA-LS,Adversity,0.16084177793750232,0.08857191193980474,0.07226986599769758
UCLA-LS,Measurement proxies,0.3769424240878757,0.34738870357237694,0.02955372051549876
UCLA-LS,Central tension,0.24609280956435065,0.13000454639861136,0.11608826316573928
CSS,Foundational claim,0.10446443716979004,0.04015201088459197,0.06431242628519807
CSS,Evaluative criterion,0.2884701708204902,0.19763256229688997,0.09083760852360023
CSS,Time horizon,0.299470314942218,0.1798225119310144,0.11964780301120359
CSS,Adversity,0.2192482717689327,0.15587480116455377,0.06337347060437892
CSS,Measurement proxies,0.39460228375585116,0.3572532961901025,0.03734898756574867
CSS,Central tension,0.19291193878568214,0.14693542067610943,0.045976518109572706
WAI,Foundational claim,0.14502181696017125,0.14591325376287756,-0.0008914368027063135
WAI,Evaluative criterion,0.277923811892524,0.29831838948161604,-0.020394577589092022
WAI,Time horizon,0.3165417268300068,0.21001212196849872,0.10652960486150809
WAI,Adversity,0.18214633173438954,0.1165474469480875,0.06559888478630205
WAI,Measurement proxies,0.33615198224490817,0.36861234661089004,-0.032460364365981875
WAI,Central tension,0.14905717765152626,0.16157977633373521,-0.012522598682208952
CSQ-R,Foundational claim,0.18239605546942284,0.08382140735754229,0.09857464811188055
CSQ-R,Evaluative criterion,0.2394781668601884,0.17621353971875964,0.06326462714142878
CSQ-R,Time horizon,0.24916177132730843,0.1438273300831261,0.10533444124418234
CSQ-R,Adversity,0.2912624411573489,0.1711177240753181,0.12014471708203078
CSQ-R,Measurement proxies,0.41309800871768987,0.3316988445291271,0.08139916418856274
CSQ-R,Central tension,0.23887280741757833,0.21617095569133937,0.022701851726238953
DERS-SF,Foundational claim,0.15334076245770234,0.11051145084961866,0.042829311608083676
DERS-SF,Evaluative criterion,0.2949438791192307,0.22820834655975042,0.06673553255948028
DERS-SF,Time horizon,0.34911753816864044,0.21757383972568545,0.131543698442955
DERS-SF,Adversity,0.24456734701813498,0.17804390402909542,0.06652344298903956
DERS-SF,Measurement proxies,0.4671377744587727,0.393101290934869,0.07403648352390368
DERS-SF,Central tension,0.2246799871223193,0.2695079612260123,-0.04482797410369299
RSES-SF,Foundational claim,0.17154119718019523,0.1656147344423904,0.0059264627378048385
RSES-SF,Evaluative criterion,0.304871949164667,0.25879020006394116,0.04608174910072582
RSES-SF,Time horizon,0.33911834856837664,0.23280697833445396,0.10631137023392268
RSES-SF,Adversity,0.1716145241960998,0.12470800394331649,0.0469065202527833
RSES-SF,Measurement proxies,0.3326600716462218,0.33575082102170795,-0.003090749375486146
RSES-SF,Central tension,0.21194552557464041,0.18452207941057974,0.027423446164060672
SRIS,Foundational claim,0.13843669795677815,0.15085314458007726,-0.012416446623299104
SRIS,Evaluative criterion,0.28022439906102337,0.2856271495981886,-0.005402750537165213
SRIS,Time horizon,0.3302653186536214,0.24988118789872693,0.08038413075489448
SRIS,Adversity,0.1599459335498059,0.1629477232006047,-0.0030017896507987807
SRIS,Measurement proxies,0.38636745497015923,0.4451153504710279,-0.058747895500868674
SRIS,Central tension,0.1767555854484666,0.20552620811735112,-0.028770622668884527
GQ-6,Foundational claim,0.20582364927977737,0.18955608683103398,0.01626756244874339
GQ-6,Evaluative criterion,0.2999224988096625,0.2536878473951094,0.046234651414553074
GQ-6,Time horizon,0.3464233749735228,0.2661881970911354,0.08023517788238743
GQ-6,Adversity,0.18131340375284888,0.1944343946816035,-0.013120990928754628
GQ-6,Measurement proxies,0.45451353660037097,0.3836782593490673,0.07083527725130367
GQ-6,Central tension,0.21502275958653838,0.23462214380976998,-0.019599384223231597
ILS,Foundational claim,0.37694491939255903,0.41262438901726717,-0.03567946962470814
ILS,Evaluative criterion,0.43792303057011117,0.5055687273855143,-0.06764569681540311
ILS,Time horizon,0.4412717442871382,0.4794823262928951,-0.03821058200575689
ILS,Adversity,0.26677729752060386,0.32177343253642654,-0.05499613501582268
ILS,Measurement proxies,0.43010471224668856,0.6384302194216436,-0.20832550717495502
ILS,Central tension,0.38970833776530633,0.3973100884414549,-0.007601750676148544
WBSI,Foundational claim,0.04996059670743369,0.00692383719271239,0.0430367595147213
WBSI,Evaluative criterion,0.1735878690928927,0.1155117813679093,0.058076087724983405
WBSI,Time horizon,0.20969180456849923,0.10138672113483771,0.10830508343366152
WBSI,Adversity,0.17234765703467192,0.06802408695335382,0.1043235700813181
WBSI,Measurement proxies,0.25863493215276434,0.23265153825466656,0.025983393898097784
WBSI,Central tension,0.11351557983608218,0.12439457564455236,-0.010878995808470182
ORS,Foundational claim,0.32349931763708506,0.3043338408823181,0.019165476754766986
ORS,Evaluative criterion,0.5343529160769422,0.48828103606093365,0.04607188001600859
ORS,Time horizon,0.5467665968967047,0.4334865089133093,0.1132800879833954
ORS,Adversity,0.31322024555918637,0.2690301918277539,0.04419005373143248
ORS,Measurement proxies,0.5352159930894078,0.5587913387312453,-0.023575345641837497
ORS,Central tension,0.3148044526869347,0.2789923070356617,0.035812145651273
SRS-Therapy,Foundational claim,0.1689728618882268,0.15808788354890202,0.01088497833932478
SRS-Therapy,Evaluative criterion,0.3169890601939531,0.302084618788784,0.014904441405169111
SRS-Therapy,Time horizon,0.37721901520453915,0.22381795253070624,0.1534010626738329
SRS-Therapy,Adversity,0.2297589980693776,0.16295648867339962,0.06680250939597798
SRS-Therapy,Measurement proxies,0.3859573341900948,0.39226057051471497,-0.006303236324620154
SRS-Therapy,Central tension,0.18880236613167056,0.16907629294443915,0.019726073187231408
BSL-23,Foundational claim,0.14849706407502905,0.0741683875762974,0.07432867649873165
BSL-23,Evaluative criterion,0.2978612101252889,0.21524384757453874,0.08261736255075014
BSL-23,Time horizon,0.3293773570449323,0.21047635406463072,0.1189010029803016
BSL-23,Adversity,0.2237299195450172,0.10418264147878886,0.11954727806622834
BSL-23,Measurement proxies,0.40961466891561016,0.32978986449741254,0.07982480441819761
BSL-23,Central tension,0.23159022188816025,0.13835695252948066,0.0932332693586796
MSI-BPD,Foundational claim,0.16190920685487753,0.08866648360257257,0.07324272325230496
MSI-BPD,Evaluative criterion,0.29627358221243627,0.23089018341750056,0.06538339879493571
MSI-BPD,Time horizon,0.3276732019487325,0.21582954055851145,0.11184366139022106
MSI-BPD,Adversity,0.19272396792393987,0.10924860645985579,0.08347536146408407
MSI-BPD,Measurement proxies,0.3589337281225078,0.31003797034990854,0.048895757772599246
MSI-BPD,Central tension,0.24903785546497648,0.15412731577711603,0.09491053968786045
SOFAS,Foundational claim,0.24870183767560716,0.25058198034192425,-0.0018801426663170862
SOFAS,Evaluative criterion,0.40128787286231393,0.38173707396454604,0.019550798897767896
SOFAS,Time horizon,0.37601077734732935,0.3152949294744627,0.06071584787286666
SOFAS,Adversity,0.24496030467193253,0.19431816273409963,0.050642141937832896
SOFAS,Measurement proxies,0.4489078893414389,0.4648863203830176,-0.0159784310415787
SOFAS,Central tension,0.28943190633202276,0.22634160391447578,0.06309030241754698
TSK,Foundational claim,0.11713717267922619,0.07397646717555373,0.04316070550367246
TSK,Evaluative criterion,0.2163157935598624,0.19727211726186267,0.019043676297999745
TSK,Time horizon,0.24798776776961817,0.1855632171599112,0.062424550609706975
TSK,Adversity,0.23776342705825626,0.14913549914079083,0.08862792791746543
TSK,Measurement proxies,0.393810825792982,0.3592772854381272,0.034533540354854786
TSK,Central tension,0.2030471848979708,0.1775633740044531,0.0254838108935177
PCS,Foundational claim,0.1836381796034663,0.08774788924763599,0.0958902903558303
PCS,Evaluative criterion,0.25596789151134813,0.18573360746690404,0.0702342840444441
PCS,Time horizon,0.2762848756885853,0.1705932011477389,0.10569167454084638
PCS,Adversity,0.28665601507716176,0.17477982496461775,0.11187619011254402
PCS,Measurement proxies,0.4254981631976842,0.3414349742201701,0.08406318897751408
PCS,Central tension,0.23621334400348826,0.1807662013998097,0.055447142603678556
AIS,Foundational claim,0.12804167465820138,0.07499920590161802,0.05304246875658336
AIS,Evaluative criterion,0.29243484299417466,0.2170424176771908,0.07539242531698387
AIS,Time horizon,0.3167368600151599,0.17114492114267654,0.14559193887248334
AIS,Adversity,0.16845184561740512,0.07745628839821794,0.09099555721918717
AIS,Measurement proxies,0.382712485772125,0.336327543665203,0.04638494210692201
AIS,Central tension,0.19037098819831744,0.14540791052183,0.04496307767648744
GDS-15,Foundational claim,0.27233907742868535,0.20862104554600658,0.06371803188267877
GDS-15,Evaluative criterion,0.39608602684129934,0.3025029223630952,0.09358310447820417
GDS-15,Time horizon,0.393493411212547,0.25887354244185223,0.13461986877069476
GDS-15,Adversity,0.26065610959282437,0.1732414009208273,0.08741470867199708
GDS-15,Measurement proxies,0.47655571741681535,0.41621660199437005,0.0603391154224453
GDS-15,Central tension,0.3231104610975889,0.22802671732593605,0.09508374377165285
CORE-10,Foundational claim,0.25512835668050393,0.18411353176085543,0.0710148249196485
CORE-10,Evaluative criterion,0.42764032504455396,0.34318323671946915,0.0844570883250848
CORE-10,Time horizon,0.4258335173594978,0.29668332162380406,0.12915019573569375
CORE-10,Adversity,0.3264419149726163,0.2385683871473835,0.08787352782523283
CORE-10,Measurement proxies,0.48227295201909437,0.4248412319523479,0.05743172006674646
CORE-10,Central tension,0.27694062481847137,0.21644909536997348,0.060491529448497894
PHQ-A,Foundational claim,0.0905143891242034,0.04825298999363792,0.04226139913056548
PHQ-A,Evaluative criterion,0.22414165163371913,0.16578035300316407,0.05836129863055506
PHQ-A,Time horizon,0.21641403985150198,0.12961775478691284,0.08679628506458914
PHQ-A,Adversity,0.19317557016573383,0.11573363636727096,0.07744193379846287
PHQ-A,Measurement proxies,0.31936335241341474,0.25982451212897506,0.059538840284439676
PHQ-A,Central tension,0.17303535704528072,0.13117887635152947,0.04185648069375125
K-6,Foundational claim,0.194194547406918,0.12942351200235058,0.06477103540456741
K-6,Evaluative criterion,0.3838957684964611,0.26553048163027326,0.11836528686618786
K-6,Time horizon,0.35309516752259507,0.20816514007599063,0.14493002744660444
K-6,Adversity,0.2796975180180298,0.14617573809900808,0.1335217799190217
K-6,Measurement proxies,0.4778174578594704,0.370808321500091,0.10700913635937936
K-6,Central tension,0.2680701261162767,0.23495982344208644,0.03311030267419024
EAT-26,Foundational claim,0.09212408048938392,0.04722108524516477,0.044902995244219146
EAT-26,Evaluative criterion,0.2188580501410624,0.16893977222263357,0.049918277918428844
EAT-26,Time horizon,0.2483945178839181,0.1314858722638108,0.11690864562010728
EAT-26,Adversity,0.17214063557882708,0.06171771004347992,0.11042292553534716
EAT-26,Measurement proxies,0.32268476906230403,0.3144020909590267,0.008282678103277319
EAT-26,Central tension,0.16347923113359153,0.1757305844546314,-0.012251353321039882
HONOS,Foundational claim,0.17537150277032576,0.15145280716595244,0.02391869560437332
HONOS,Evaluative criterion,0.36536531619063806,0.3355879132904338,0.029777402900204253
HONOS,Time horizon,0.3537898235995368,0.2616744056943634,0.09211541790517341
HONOS,Adversity,0.2040569741955356,0.15672074074207154,0.04733623345346405
HONOS,Measurement proxies,0.48684592092230283,0.4771434167565971,0.009702504165705728
HONOS,Central tension,0.2058495723546152,0.15875275791587096,0.04709681443874425
Q-LES-Q,Foundational claim,0.35437103109211354,0.30183283690926344,0.052538194182850106
Q-LES-Q,Evaluative criterion,0.5260529831106416,0.4317616532172528,0.09429132989338884
Q-LES-Q,Time horizon,0.5184669095311901,0.37040059083908417,0.14806631869210596
Q-LES-Q,Adversity,0.26712710989285837,0.19889252706496663,0.06823458282789174
Q-LES-Q,Measurement proxies,0.5817843793890947,0.535634304977158,0.04615007441193664
Q-LES-Q,Central tension,0.36169858354027096,0.28054594189834736,0.0811526416419236
QoL-BD,Foundational claim,0.26887779361754793,0.25317797394893515,0.01569981966861278
QoL-BD,Evaluative criterion,0.4192946326006223,0.3736344685328197,0.0456601640678026
QoL-BD,Time horizon,0.4140637092579825,0.3526815953620004,0.06138211389598214
QoL-BD,Adversity,0.2409602776594253,0.2181093617407961,0.0228509159186292
QoL-BD,Measurement proxies,0.4741467901637989,0.4694361716257588,0.004710618538040112
QoL-BD,Central tension,0.2886100246710197,0.23806950503634106,0.05054051963467865
DOCS,Foundational claim,0.07589163921644992,0.03541516109618559,0.040476478120264336
DOCS,Evaluative criterion,0.21377959735466534,0.1801584061232594,0.033621191231405945
DOCS,Time horizon,0.24427903964164688,0.12261603507666874,0.12166300456497814
DOCS,Adversity,0.17044413189024954,0.08816267226472696,0.08228145962552258
DOCS,Measurement proxies,0.3450001310547408,0.32530870280202695,0.01969142825271386
DOCS,Central tension,0.14352454404763026,0.11407239210235243,0.029452151945277838
PI-WSUR,Foundational claim,0.08356792584441541,0.03141193257048458,0.052155993273930834
PI-WSUR,Evaluative criterion,0.20206774516371317,0.17242860927539483,0.029639135888318346
PI-WSUR,Time horizon,0.24208799808707337,0.11090077039834567,0.1311872276887277
PI-WSUR,Adversity,0.1643710452849635,0.06937483111033327,0.09499621417463022
PI-WSUR,Measurement proxies,0.3320819370237508,0.31793186685517116,0.01415007016857961
PI-WSUR,Central tension,0.14705681102912194,0.10184183590161433,0.045214975127507606
SIAS-6,Foundational claim,0.10628987298149006,0.05848651789475057,0.047803355086739496
SIAS-6,Evaluative criterion,0.21612787919246035,0.14903989266371886,0.06708798652874148
SIAS-6,Time horizon,0.29068404191826214,0.12902746028867607,0.16165658162958607
SIAS-6,Adversity,0.1538297875047937,0.08505435477035783,0.06877543273443587
SIAS-6,Measurement proxies,0.3212236838118485,0.26170620579099135,0.05951747802085716
SIAS-6,Central tension,0.15184304733045273,0.10566544730090965,0.046177600029543076
SPS-6,Foundational claim,0.12212875651200783,0.07417369195569568,0.047955064556312155
SPS-6,Evaluative criterion,0.24966099184247936,0.20358129886011755,0.04607969298236181
SPS-6,Time horizon,0.3158589647690284,0.1512496551119209,0.16460930965710752
SPS-6,Adversity,0.20342886045927977,0.09643565481031602,0.10699320564896375
SPS-6,Measurement proxies,0.33803162571811884,0.3130549696760765,0.024976656042042356
SPS-6,Central tension,0.20136881749279334,0.15610971529647055,0.04525910219632279
ISEL-12,Foundational claim,0.13597203294969673,0.1138830593173562,0.022088973632340525
ISEL-12,Evaluative criterion,0.3049212148975272,0.25514430642588315,0.049776908471644066
ISEL-12,Time horizon,0.324222210516093,0.2061101200685681,0.11811209044752491
ISEL-12,Adversity,0.17002091871480052,0.13245391256674544,0.03756700614805508
ISEL-12,Measurement proxies,0.3602181856707788,0.3722217893573424,-0.012003603686563613
ISEL-12,Central tension,0.1945660011534025,0.1480765553365545,0.046489445816847996
DASS-12,Foundational claim,0.17062033172613755,0.1099521090967529,0.06066822262938465
DASS-12,Evaluative criterion,0.3083657095262292,0.19825014213171266,0.11011556739451656
DASS-12,Time horizon,0.37501017136180415,0.18098456489187187,0.19402560646993228
DASS-12,Adversity,0.2705490771379022,0.17833476808490534,0.09221430905299688
DASS-12,Measurement proxies,0.40681025083546873,0.2950922354343417,0.11171801540112702
DASS-12,Central tension,0.21857786105071209,0.19542950365703193,0.023148357393680152
BIEPS,Foundational claim,0.2963364835618487,0.3460256259998613,-0.04968914243801259
BIEPS,Evaluative criterion,0.43700104143548246,0.44956724298942263,-0.01256620155394017
BIEPS,Time horizon,0.38722921766199847,0.3689639585421636,0.018265259119834898
BIEPS,Adversity,0.28544754271280093,0.28630523503854477,-0.0008576923257438418
BIEPS,Measurement proxies,0.4523230906234543,0.5505772742988615,-0.09825418367540717
BIEPS,Central tension,0.29611278682784326,0.4101086874639963,-0.11399590063615306
BBC-SWB,Foundational claim,0.3731426674436793,0.32530807202357925,0.047834595420100046
BBC-SWB,Evaluative criterion,0.5745731364103411,0.4983687719942862,0.07620436441605494
BBC-SWB,Time horizon,0.5469689776704667,0.4419733036659792,0.1049956740044875
BBC-SWB,Adversity,0.30483739610426497,0.2623908210524758,0.04244657505178917
BBC-SWB,Measurement proxies,0.5574599473800359,0.5293886193149013,0.02807132806513457
BBC-SWB,Central tension,0.32670659098969446,0.2699800962282205,0.056726494761473956
ICECAP-A,Foundational claim,0.41217459893515296,0.41472162110089705,-0.002547022165744095
ICECAP-A,Evaluative criterion,0.5745301911522602,0.5719434728452067,0.0025867183070534816
ICECAP-A,Time horizon,0.5149450727575726,0.4790019756612933,0.0359430970962793
ICECAP-A,Adversity,0.3664395753005638,0.3619057414226783,0.004533833877885529
ICECAP-A,Measurement proxies,0.5641307145507836,0.6275718851810286,-0.06344117063024501
ICECAP-A,Central tension,0.3935303006250376,0.38637095842323954,0.007159342201798036
SPWB,Foundational claim,0.349584747843139,0.3580951874206819,-0.008510439577542939
SPWB,Evaluative criterion,0.49949572984330315,0.48041507023257424,0.01908065961072891
SPWB,Time horizon,0.46480806558139465,0.46288963562001506,0.0019184299613795863
SPWB,Adversity,0.2776884776896682,0.32258794957999726,-0.04489947189032906
SPWB,Measurement proxies,0.5199089789132353,0.6533536194780263,-0.133444640564791
SPWB,Central tension,0.33823335765797513,0.3490219510981796,-0.010788593440204441
MHC-LF,Foundational claim,0.37748179445822927,0.36219480311987096,0.015286991338358313
MHC-LF,Evaluative criterion,0.5372955104216175,0.4870004032588968,0.050295107162720676
MHC-LF,Time horizon,0.4788361376240118,0.5023572459815964,-0.023521108357584586
MHC-LF,Adversity,0.3076422936360095,0.3325339291660192,-0.024891635530009726
MHC-LF,Measurement proxies,0.5893681439660166,0.5860996059414978,0.0032685380245187634
MHC-LF,Central tension,0.32709183711501943,0.32547061229422825,0.0016212248207911895
Cantril-Ladder,Foundational claim,0.3620728030635053,0.30632473426560436,0.05574806879790095
Cantril-Ladder,Evaluative criterion,0.43454084714258834,0.35084241388533655,0.08369843325725179
Cantril-Ladder,Time horizon,0.44842768201976013,0.3453969103257295,0.10303077169403063
Cantril-Ladder,Adversity,0.23603696489898807,0.18916115939196243,0.046875805507025636
Cantril-Ladder,Measurement proxies,0.4344686163718485,0.42672996585844325,0.007738650513405276
Cantril-Ladder,Central tension,0.3240655496187659,0.26389407752581806,0.06017147209294782
FLCS,Foundational claim,0.3337117874127452,0.34821013400940926,-0.014498346596664047
FLCS,Evaluative criterion,0.4788370270138288,0.45287253330530985,0.025964493708518943
FLCS,Time horizon,0.47463195574435957,0.5238060508558507,-0.04917409511149118
FLCS,Adversity,0.2603147900482612,0.37423860919942586,-0.11392381915116467
FLCS,Measurement proxies,0.5102098852923933,0.6003727023716506,-0.09016281707925733
FLCS,Central tension,0.36728555201306823,0.32515816703834377,0.04212738497472446
PWB-S,Foundational claim,0.3039133292252968,0.30344594482229026,0.00046738440300653217
PWB-S,Evaluative criterion,0.4264871006851141,0.42566950905930223,0.0008175916258118532
PWB-S,Time horizon,0.42957782169675174,0.3713660093802036,0.05821181231654815
PWB-S,Adversity,0.27263227174507154,0.28316822469440595,-0.010535952949334404
PWB-S,Measurement proxies,0.5083644070205242,0.6224212500686903,-0.1140568430481661
PWB-S,Central tension,0.3144447856939525,0.33917045796622114,-0.02472567227226863
